Link,Title,Location,Salary,Summary
https://kr.indeed.com/viewjob?jk=job_9193b9de45a0ac1c,Embedded Software Engineer - Connected,GE Appliances경기도 성남,,"skills with C, C++ and other script languages (i.e. python etc..) Strong knowledge... IOT devices communication protocols..."
https://kr.indeed.com/viewjob?jk=job_58ffe9950f464f19,[카카오메이커스] 퍼포먼스 마케터 모집,카카오커머스성남 삼평동,,"커머스 업계에서 2년 이상 실무를 하며 인사이트를 갖추신 분 - 분석언어 활용 역량을 보유하신 분 (SQL, Python 등) - 서비스 내 자발적인 프로젝트를 통해 유의미한 Growth를 만들어 낸 경험이 있으신 분 전형..."
https://kr.indeed.com/viewjob?jk=job_5459853135ad5938,코박(Cobak) Back-end 개발 경력 정규직,판도라티비성남 분당구,,기적으로 소통하며 개발 구현)- Python / Django 언어 / 프레... 게임>웹프로그래머>백엔드|인터넷·IT·통신·모바일·게임>웹프로그래머> Python|인터넷·IT·통신·모바일·게임>웹프로그래머>JAVA|인터넷·IT·통신...
https://kr.indeed.com/viewjob?jk=job_ebd9b7e972f551fc,서버 개발자 Python(Django) Developer (신입/경력),아테나스랩서울 마포구,,유관직무 경력자 서버 개발자 Python(Django) Developer... 있습니다.■ 자격 요건 인터넷·IT·통신·모바일·게임>웹프로그래머> Python|인터넷·IT·통신·모바일·게임>웹프로그래머>웹개발|인터넷·IT·통신...
https://kr.indeed.com/viewjob?jk=job_7420bd6ad89ff63a,미국 법인 보안 담당자,NHN4.4성남 판교역,,진행 가능하신 분 - 해외 근무에 결격 사유가 없는 분 - 악성코드 동적/정적 분석 능력 보유 - Python 등 스크립트 개발을 통한 업무 효율화 경험 - Elastic Stack에 대한 이해와 운영 경험 - 클라...
https://kr.indeed.com/viewjob?jk=job_e99d30a8f6947b41,모니터링 솔루션 개발자 모집,카카오4.0성남 판교역,,개발/운영 2년 이상 서버 개발자 Java/Spring 기반 웹 서비스 개발 경력 2년 이상 서버 개발자 Python 기반 백엔드 시스템 또는 라이브러리 개발 프로젝트 실무 3년 이상 서버 개발자 ✔︎ 우대조건 다양한...
https://kr.indeed.com/viewjob?jk=job_e8db36eced42ee14,Python 시스템 개발 직원 채용,마스코리아세종특별자치시,,"시스템개발 영상처리 & 머신러닝 시스템 개발, 통신(TCP/IP, Serial), FTP, DB 근무지역 충남 학력:대학교(2,3년), 경력:무관, 나이:무관, 성별:무관 <본 공고는 고용정보 워크넷(http..."
https://kr.indeed.com/viewjob?jk=job_fc037709d0770796,System SW 엔지니어,딥엑스성남 분당구,"연봉 40,000,000원 - 100,000,000원",사항: 대학교(4년)졸업 이상 [기본 요구능력] - ASM/C/C++/ Python 언어 코딩 기술 - 운영체제 SW 설계 및 구현 - 알고리즘/네트워... 게임>빅데이터·AI(인공지능)> Python|인터넷·IT·통신·모바일·게임...
https://kr.indeed.com/viewjob?jk=job_f0db02b55ac0f284,A.I 인공지능 개발 경력직,파이프트리스마트팜서울 송파구,,파이프트리 스마트팜 A.I 개발 경력직 채용 공고 인터넷·IT·통신·모바일·게임>빅데이터·AI(인공지능)> Python|인터넷·IT·통신·모바일·게임>빅데이터·AI(인공지능)>R|인터넷·IT·통신·모바일·게임>빅데이터·AI...
https://kr.indeed.com/viewjob?jk=job_7fdcd7a7457b1e93,데이터 분석,아프리카TV경기도 성남,,"의 서비스 이용/소비형태/이상현상과 트렌드 변화가 궁금하신 분 - B2C서비스 데이터 분석 직군에서 데이터 핸들링 경험이 있으신 분 - SQL,Excel,R, Python 등을 이용하여 데이터 추출 또는 분석이 가능하신 분"
https://kr.indeed.com/viewjob?jk=job_3b0b25d7cdb97839,TikTok Content Strategy Manager,TikTok서울,,"skills in data analysis, being familiar with SQL, Python and other data processing tools is preferred. 3. Strong logical mind..."
https://kr.indeed.com/viewjob?jk=job_11edb836898edd00,[NAVER Cloud] Security Engineer 모의해킹,네이버클라우드성남 분당구,,0-day 취약점 발견 [지원자격/필요역량]- 모의해킹 경력 2년 이상- 리버싱 및 웹 해킹 기술 보유- Python 프로그래밍 능력 [우대사항]- 해킹 대회 입상 경험을 보유하신 분- CVE 등록 경험을 보유하신 분 인터넷...
https://kr.indeed.com/viewjob?jk=job_b40c2fca5a96e5b8,[AI R&D] Language AI(NLP) Research 분야 모집,엔씨소프트2.7성남 판교역,,"분 - 통계/Machine Learning에 대한 이해와 활용 능력 및 text 처리 기술에 대한 경험 - Python, Java 등을 이용하여 NLP 기술을 구현 가능한 분 - 최신 기술(논문, 기술문서 등)을 습득하는..."
https://kr.indeed.com/viewjob?jk=job_df228c302c3c8f9b,서버개발자(벡앤드) 정규직,오비이랩서울 강남구,"연봉 40,000,000원 - 50,000,000원",시스템 개발 [자격요건]• 경력사항: 경력(3년 이상 7년 이하)• 학력사항: 학력무관• 중상급 이상의 Python 또는 JavaScript 언어 활용 가능자• Django 또는 Node.js rest framework에...
https://kr.indeed.com/viewjob?jk=job_6ad55e06021ddccb,MongoDB Engineer 모집,카카오4.0성남 판교역,,"수정 및 적용하여 운영해본 경험이 있는 분 C/C++ 또는 Python 언어를 이용한 프로그램 개발(프로젝트) 경험이 있는 분 Golang, Python, Java등으로 API 기반 서비스 개발이 가능한 분 Openstack..."
https://kr.indeed.com/viewjob?jk=job_1e42768f3daae7da,자동차 전장 ADAS 카메라 알고리즘 SW 개발 전문가,LG전자3.8서울특별시,,"Camera calibration, multi-view geometry - 중급 이상 C/C++/ Python 개발 및 computer vision관련 tool 활용 가능 - Tensorflow/Pytorch/Caffe 등의..."
https://kr.indeed.com/viewjob?jk=job_8e2b96836395bcb1,아이템 서비스 개발 (대용량 데이터처리),아프리카TV경기도 성남,,"MobileWeb, APP API 개발 [ 자격요건] - 경력 4년 이상이신 분 - PHP, Java, Python, Apache, Html5, MySQL Javascript, Linux 등 웹서비스 개발 지식과..."
https://kr.indeed.com/viewjob?jk=job_8da3126d27626076,모빌리티 부문 경력,현대오토에버서울 강남구,,Python|인터넷·IT·통신·모바일·게임>웹프로그래머>JAVA|인터넷·IT·통신·모바일·게임>웹프로그래머>백엔드|인터넷·IT·통신·모바일·게임>웹프로그래머>프론트엔드|인터넷·IT·통신·모바일·게임>웹프로그래머> Python...
https://kr.indeed.com/viewjob?jk=job_f28f4b931feadb85,소프트웨어 개발 경력,매크로액트성남 수정구,"연봉 35,000,000원 - 40,000,000원",허위사실이 있을 경우 채용이 취소될 수 있습니다. 인터넷·IT·통신·모바일·게임>응용프로그래머>로봇소프트웨어개발자|인터넷·IT·통신·모바일·게임>응용프로그래머> Python|인터넷·IT·통신·모바일·게임>응용프로그래머>JAVA
https://kr.indeed.com/viewjob?jk=job_386d1b742ed936db,서비스 플랫폼 웹 개발자 모집,엔씨소프트2.7성남 판교역,,"기술 트랜드에 지속적인 관심을 가지며, 배움에 적극적인 분 우대사항 - Front-End 웹 개발 경험 - Python, Django Framework을 이용한 서비스 개발 경험 - Kafka, Redis 를 이용한 서비스..."
https://kr.indeed.com/viewjob?jk=job_be7e32ad4eb08467,(주)한라홀딩스 해외영업/냉장사업/IT 경력사원 (11/30),한라홀딩스서울,,로그래머>머신러닝(ML)|인터넷·IT·통신·모바일·게임>응용프로그래머> Python|인터넷·IT·통신·모바일·게임>웹프로그래머>웹개발|인터넷·IT·통신... 웹프로그래머>백엔드|인터넷·IT·통신·모바일·게임>웹프로그래머> Python
https://kr.indeed.com/viewjob?jk=job_21ba056946e5abdf,"Solutions Architect - AMAZON Web Services, Korea",Amazon Web Services Korea LLC서울,,"languages... Ruby, Python and Node... 현대 개발 언어에 대한 실무적 지식: 루비 (Ruby), 파이썬 ( Python), Node.js 등 · 개발자 및 IT 운영자 대상의 신기술 전파에..."
https://kr.indeed.com/viewjob?jk=job_bec33b19427238a4,(주)작당모의 앱 개발자,작당모의서울 서초구,,"1. 백엔드 개발 1년이상, OOP/Function Language 개발 가능, AWS 개발 경험 등 2. Python Django 개발, Nodejs React 개발, MySQL 개발 경험 등 3. React Native..."
https://kr.indeed.com/viewjob?jk=job_971afe8c340a8697,System Engineer 모집,엔씨소프트2.7성남 판교역,,"인프라 운영 경험 (프로비저닝, 설정 관리, 모니터링 등) - 운영에 필요한 도구 개발 (Shell / Python 중 하나 이상의 개발 경험 및 REST API 활용) 역량 우대사항 - 글로벌 서비스 Architecture..."
https://kr.indeed.com/viewjob?jk=job_19da3484bd7a72f1,Machine Learning R&D 연구원,카이어서울 서초구,,"가능) ㆍ최신 딥러닝, 기계학습 이론에 대한 이해 및 구현 역량 ㆍ Python, TnsorFlow, C/C++, TensorRT 등 프로그래밍 실무... 대한 이해 및 구현 역량 ㆍ Python, TnsorFlow, C/C++..."
https://kr.indeed.com/viewjob?jk=job_4c4bcf5994e5cb45,Regional Research Manager,TikTok서울,,"Strong analytical skillset, including expertise in Excel, Python, SQL - Self-motivated, detail-oriented. Excellent project..."
https://kr.indeed.com/viewjob?jk=job_f918bbdb2030f3bf,Product Engineer - Fab Analytics,Siemens4.0경기도 성남,,"working as process, integration or yield engineer. Python programming languages. UNIX/Linux operating systems is required..."
https://kr.indeed.com/viewjob?jk=job_e29bd57c416ee579,인재 Pool 등록,S&I Corp.대한민국,,"5년 이상 (IT기획, 프로젝트 PM/PL, 개발경력 등) - 자격 : 컴퓨터 언어 활용능력 보유 (JAVA, PYTHON) : 데이터베이스(RDBMS) 활용능력 보유 - 우대사항 : IT 예산(HW,SW,인건비) 수립 경험..."
https://kr.indeed.com/viewjob?jk=job_7b2496c8a71f02f2,광고데이터플랫폼 개발자 모집,카카오4.0성남 판교역,,"무와 데이터 파이프라인 시스템 설계/구축/관리 업무를 수행하게 됩니다. 지원자격 개발 경력 3년 이상 Python, Java, Kotlin, Scala 중 하나 이상의 언어에 능통 SQL 또는 HiveQL에 능통 대용량..."
https://kr.indeed.com/viewjob?jk=job_dbcbfb55a2d07c2b,[신규프로젝트] 차세대 콘솔 TA 모집,엔씨소프트2.7성남 판교역,,Shader 제작 Skill - 프로젝트 개발 전반에 걸친 성능 분석(Profiling)Skill - Python등 개발언어 활용 능력 제출서류 포트폴리오 (필수) 전형단계 서류전형 1차 면접 NCTEST 2차 면접 처우협의...
https://kr.indeed.com/viewjob?jk=job_b10876bfa3329540,[SNOW] 렌더링 엔진 개발자,스노우성남 분당구,,"토링, 디자인 패턴, ReactiveX 활용 경험- Java, Swift(Objective C), Lua, Python 등 다양한 언어 경험- Computer Graphics 이해- Image Processing 이해 인터넷..."
https://kr.indeed.com/viewjob?jk=job_d13fce11058e6cf1,보안 모니터링 시스템 개발 및 운영 담당자 모집,카카오4.0성남 판교역,,"이터 분석을 위한 SIEM/ETL 플랫폼 개발/운영 지원자격 기본사항 경력 3년 이상 Java, Python 등의 언어로 개발 가능자 기본적인 웹 개발 및 Back-End 개발 가능자 DBMS 혹은 빅데이터(NoSQL..."
https://kr.indeed.com/viewjob?jk=job_bbb49ae0b019afe4,"펌웨어, 소프트웨어 외 경력 정규직",파이프트리스마트팜서울 송파구,,스템프로그래머>임베디드(Embedded)|인터넷·IT·통신·모바일·게임>시스템프로그래머>사물인터넷(IoT) 개발|인터넷·IT·통신·모바일·게임>응용프로그래머>C·C++|인터넷·IT·통신·모바일·게임>응용프로그래머> Python
https://kr.indeed.com/viewjob?jk=job_180dac6dbe6afaed,NHN Cloud 머신러닝 연구 및 개발,NHN4.4성남 판교역,,"C++, Java, Python [머신러닝 서비스 개발] Job... TensorFlow, PyTorch - C++, Java, Python 공통지원자격 - 병역필 혹은 면제로 해외여행에 결격 사유가 없는 자..."
https://kr.indeed.com/viewjob?jk=job_554ea632ec4e521d,(주)풀무원 웹(PHP) 개발자 모집,풀무원3.3서울특별시,,"필요역량 및 지원자격 [필수 역량] - 웹 서비스 개발 경험 (PHP) - 프로그램 언어 활용 능력 ( Python, SQL 등) - 리눅스 서버에서 웹 서비스 개발 경험자 - JS, CSS 기초 지식 보유 [우대..."
https://kr.indeed.com/viewjob?jk=job_e613e8a5792b4fe9,비전넥스트 개발직군 채용,한화그룹4.2서울,,"자격요건 - C/C++, Python 가능 - Verilog-HDL... Methodology - SoC Top Integration - C/ Python 기반 모델 RTL 변환 가능 기술 O명 판교 한화인 1:1 문의하기..."
https://kr.indeed.com/viewjob?jk=job_8cc372a6b78679b1,"인공지능(AI), Python(응용프로그램 개발자) 외 신입/경력 정규직",쿠노소프트서울 성북구,"연봉 25,000,000원 - 30,000,000원","(주)쿠노소프트 인공지능(AI), Python 외 신입/경력 정규직 채용... 래머>인공지능(AI)|인터넷·IT·통신·모바일·게임>응용프로그래머> Python|인터넷·IT·통신·모바일·게임>응용프로그래머>Visual C++(MFC..."
https://kr.indeed.com/viewjob?jk=job_3b9a4bb5dfb41c5a,FDS 데이터분석/딥러닝/머신러닝 모형개발(수원 영통),인피니그루수원 영통구,,"Learning 등 Big Data 분석관련 알고리즘에 대한 이해를 바탕으로 데이터 분석 및 인사이트 도출ㆍSQL, Python 등의 통계 및 분석 능력 인터넷·IT·통신·모바일·게임>빅데이터·AI(인공지능)>데이터분석"
https://kr.indeed.com/viewjob?jk=job_cc9d9d877af2fd19,[무료교육/취업연계] 2021년 클라우드 기반 IT/SW 개발자 양성과정 교육생,한국표준협회서울,,통신·모바일·게임>빅데이터·AI(인공지능)>데이터분석|인터넷·IT·통신·모바일·게임>빅데이터·AI(인공지능)> Python|인터넷·IT·통신·모바일·게임>빅데이터·AI(인공지능)>머신러닝|인터넷·IT·통신·모바일·게임>빅데이터...
https://kr.indeed.com/viewjob?jk=job_115c46e0d1df11d8,[개발자] 모비데이즈 프론트엔드 개발자 경력직 채용,Mobidays서울특별시,,"험이 있으신 분 -활용 가능한 서버사이드 언어가 1개 이상 있는 분(Ruby, Java, Node.js, Python 등) -웹/모바일 광고 업계의 유사 업종 근무 경력 보유자 -플랫폼 또는 B2B 서비스 개발 프로젝트 참여..."
https://kr.indeed.com/viewjob?jk=job_3e7b756ca8ec169f,가상화 엔지니어 정규직,다원커리어서울 서초구,"연봉 40,000,000원 - 50,000,000원",DM/NV 등) 우대사항 1) 정보처리산업기사 이상의 자격을 보유하신 분 2) PowerShell/Bash/ Python 등 System Script 경험이 있는 분 기타정보 1) 삼성전자 반도체 사업장 VMware 가상화...
https://kr.indeed.com/viewjob?jk=job_7dc3cf5537450b54,게임 데이터 서비스/플랫폼 개발,NHN4.4성남 판교역,,"지표 분석 활동 - Hadoop 에코시스템을 통한 데이터 수집, 처리 및 지표 분석 경험 - Java, Python, Scala 중 최소 1가지 언어를 이용한 데이터 분석 및 소프트웨어 개발 역량 - 데이터 기반의 문제..."
https://kr.indeed.com/viewjob?jk=job_2f56d4b70c1df086,하반기 인턴직 모집,한솔그룹서울 을지로2가,,"지니어 (IT 인프라 관리/운영) 서버, 네트워크 Bash, Java, Python ① 학력 : 초대졸 이상 (2020년 2월 이후 졸업/졸업예정... JavaScript, VC++, Python) 한솔 PNS IT 부문..."
https://kr.indeed.com/viewjob?jk=job_d3153e37a5a129d0,[IT개발] Python 웹개발자 모집 (대리급),통로서울,,"유지보수 - 신규 서비스 개발 자격요건 및 우대사항 - 대졸이상 - 전공무관 - Python 개발경력 3년이상 대리급 - Python Flask 웹서비스 구축 및 개발 경험자 - Linux, Nginx, uWSGI 등..."
https://kr.indeed.com/viewjob?jk=job_4f431aacdc9fbb21,번역 자연어 처리 R&D팀장,(주)보이스루서울 강남구,,"차 이상 • 스스로 연구주제 및 방향성을 수립하고, 팀원 가이드를 통해 프로젝트를 이끌어가실 수 있는 분 • Python, C++ 등의 프로그래밍 언어를 1개 이상 자유자재로 다루고 Linux/Shell 환경에 익숙하신 분..."
https://kr.indeed.com/viewjob?jk=job_9adbc290202846e1,[아이브릭스] 기업부설연구소 전문연구요원,아이브릭스성남 분당구,,모바일·게임>응용프로그래머>JAVA|인터넷·IT·통신·모바일·게임>응용프로그래머>자바스크립트|인터넷·IT·통신·모바일·게임>빅데이터·AI(인공지능)>머신러닝|인터넷·IT·통신·모바일·게임>빅데이터·AI(인공지능)> Python
https://kr.indeed.com/viewjob?jk=job_0ff2c43b1e2621a5,PharmCADD 2021년 상반기 R&D센터 연구원 공개,팜캐드서울 강남구,,통신·모바일·게임>빅데이터·AI(인공지능)>딥러닝|인터넷·IT·통신·모바일·게임>빅데이터·AI(인공지능)> Python|인터넷·IT·통신·모바일·게임>빅데이터·AI(인공지능)>데이터분석|인터넷·IT·통신·모바일·게임>빅데이터...
https://kr.indeed.com/viewjob?jk=sj_c25feb431668b850,Teacher,Grace International Academy (School for the...서울•원격 근무,"시급 50,000원 - 120,000원","Cultures) Computer Science (Programming Languages--e.g., Python, C/C++, etc. ) Fine Arts (BFA/MFA Majors) Instructors..."
https://kr.indeed.com/viewjob?jk=job_8b5826f367d5c122,렌더링 엔진 개발자 모집,스노우성남 백현동,,"디자인 패턴, ReactiveX 활용 경험 - Java, Swift(Objective C), Lua, Python 등 다양한 언어 경험 - Computer Graphics 이해 - Image Processing 이해..."
https://kr.indeed.com/viewjob?jk=job_be95b5718905880f,AI/빅데이터/클라우드 분야 (인재 Pool),LG유플러스3.8서울,,"의미한 인사이트 발굴 - R, Python, SQL 등 Statistics... 등)의 다양한 솔루션을 활용하여 서비스 개발 경험자 2) Java, Python 등 프로그래밍 개발 경험 보유자 3) Container 기반 서비스..."
https://kr.indeed.com/viewjob?jk=job_0f502079be47bcfe,AI R&D 데이터플랫폼 엔지니어 모집,엔씨소프트2.7성남 판교역,,3년 ~ 15년 필수조건 - Hadoop 기반 분산 데이터 처리 기술에 대한 경험 보유 - Java / Python 기반 개발 경험 보유 - Hive / Spark 기반 데이터 파이프라인 개발 및 workflow 자동화 개발...
https://kr.indeed.com/viewjob?jk=job_af10febc16b8dbeb,[TmaxTibero/기술] DBMS 제품 QA 신입 및 경력,티맥스소프트성남 분당구,,경력 지원자) - 데이터베이스 연관 3rd Party 제품 기술지원 경험자(경력 지원자) - Java/C/ Python/shell 초급 개발자/경험자(경력 지원자) - S/W QA 경험자(경력 지원자) - CDC 제품 사용...
https://kr.indeed.com/viewjob?jk=job_5c53fa993648eafe,서비스 데이터 분석가 모집,엔씨소프트2.7성남 판교역,,"여러 의사결정에 뒷받침되는 로그 데이터 설계 및 분석 - SQL, Python 등을 활용한 서비스 로그 데이터 핸들링 및 인사이트 도출 2) 지표... 경험이 있으신 분 - SQL, Python 등 데이터 분석에 필요한 언어에..."
https://kr.indeed.com/viewjob?jk=job_0a57a69a13126ff5,셀프 인테리어 위한 AI 플랫폼 서비스 개발자,서르성남 분당구,,이상의 python 또는 node.js실무 개발경험이 있는 분 -Restful API에 대한 이해와 실무경험이 있는 분 인터넷·IT·통신·모바일·게임>웹프로그래머>웹개발|인터넷·IT·통신·모바일·게임>웹프로그래머> Python...
https://kr.indeed.com/viewjob?jk=job_285c6fe677e4d148,[KSTEC] Java 프로그래머 경력사원,지식시스템성남 분당구,,통신·모바일·게임>응용프로그래머>.NET|인터넷·IT·통신·모바일·게임>웹프로그래머>JAVA|인터넷·IT·통신·모바일·게임>웹프로그래머> Python|인터넷·IT·통신·모바일·게임>웹프로그래머>HTML·DHTML·mHTML
https://kr.indeed.com/viewjob?jk=job_28e0d44a26fbb146,[계약직] 모바일 게임 운영 및 컨텐츠 담당자 모집,엔씨소프트2.7성남 판교역,,"PT 제작 및 사업, 마케팅 피칭 경험 多 - 데이터 추출, 관리 및 가공을 통한 시각화 능력 (SQL / PYTHON / Excel VBA 가능자) 제출서류 게임 플레이 이력서(필수)(필수) 게임 플레이 리뷰(1개 게임..."
https://kr.indeed.com/viewjob?jk=job_8fa17c6073918c5b,[경력] 하둡 플랫폼 서비스 개발자 모집,카카오4.0성남 판교역,,"에 대한 기본 지식 Hadoop/ecosystem 활용/개발 경험 3년 이상 Java 필수, 그 외 Python, Ruby 중 1개 이상 언어로 개발 가능 Web framework를 이용한 서비스 개발 경험 우대 자격..."
https://kr.indeed.com/viewjob?jk=job_afd757e2243175cb,금융 AI 기술 연구 개발자 모집,엔씨소프트2.7성남 판교역,,"및 연구/문제 해결 능력 - Python 언어에 능숙하신 분 2. 해당직... Recognition, Data/Text Mining 경험 보유 - Python, SQL 활용 우대사항 - AI 관련 전공자 - 금융 도메인에 대한..."
https://kr.indeed.com/viewjob?jk=job_661de7fb075a36db,[TmaxAI/R&D] Metaverse 3D Graphic 및 Unity 게임 엔진 개발자,티맥스소프트성남 분당구,,"분야 국제학회 논문 저자 [3D 그래픽, 게임 주 사용 언어] - C++, C# - Java Script - Python - Spring, React - HTML 모집기간 2021/11/12 ~ 2021/11/25"
https://kr.indeed.com/viewjob?jk=job_be7e32ad4eb08467,(주)한라홀딩스 해외영업/냉장사업/IT 경력사원 (11/30),한라홀딩스서울,,로그래머>머신러닝(ML)|인터넷·IT·통신·모바일·게임>응용프로그래머> Python|인터넷·IT·통신·모바일·게임>웹프로그래머>웹개발|인터넷·IT·통신... 웹프로그래머>백엔드|인터넷·IT·통신·모바일·게임>웹프로그래머> Python
https://kr.indeed.com/viewjob?jk=job_14d562d10c215572,"PHP, Python 신입/경력 정규직",비즈부스터서울 금천구,,"주식회사 비즈부스터 PHP, Python 개발자 채용 모집부문 및 자격요건 담당업무 자격요건 인원 [담당업무]*당사의 서비스(비즈탑) 솔루션 및 서비... 프로그래머>PHP |인터넷·IT·통신·모바일·게임>웹프로그래머> Python"
https://kr.indeed.com/viewjob?jk=job_07365317f092b035,소프트웨어 신입/경력 정규직,인터마인즈성남 분당구,,출근이 가능하신 분[우대사항]우대사항: ㆍ인근거주자 ㆍ경력 기간 : 2년이상 또는 자격요건에 준하는 자 ㆍ python 코딩에 능숙하신 분 ㆍ스타트업 업계에 관심이 많고 스타트업 기업 문화 만드는 것에 관심이 있으신 분 ㆍ새로...
https://kr.indeed.com/viewjob?jk=job_22349799870aaccc,BigData 플랫폼 S/W 엔지니어(Infra),SK플래닛 Tacademy성남 분당구,,통신·모바일·게임>빅데이터·AI(인공지능)>데이터분석|인터넷·IT·통신·모바일·게임>빅데이터·AI(인공지능)> Python|인터넷·IT·통신·모바일·게임>빅데이터·AI(인공지능)>머신러닝|인터넷·IT·통신·모바일·게임>빅데이터...
https://kr.indeed.com/viewjob?jk=job_48a124b20ee34e2b,2021년 AI 특화 맞춤형 교육과정 교육생,솔트룩스전라남도,,래머>머신러닝(ML)|인터넷·IT·통신·모바일·게임>응용프로그래머> Python|인터넷·IT·통신·모바일·게임>시스템프로그래머>사물인터넷(IoT) 개발... 게임>빅데이터·AI(인공지능)> Python|인터넷·IT·통신·모바일·게임...
https://kr.indeed.com/viewjob?jk=job_06d133676285b02e,침해사고 대응,NHN4.4성남 판교역,,"팩트 자동 수집 도구 개발 경험 - 아티팩트 분석 도구를 능숙하게 사용 가능하신 분 - C, Java, Python 등을 통한 업무 자동화 및 분석도구 개발 경험 - 기업 CERT 직무 수행 경험 - CVE 실무 경험..."
https://kr.indeed.com/viewjob?jk=job_d83fc0dd2641f483,전문연구요원 (병역특례) 수시 (AI / SW 분야),딥엑스성남 분당구,"연봉 40,000,000원 - 100,000,000원",요구 능력] - ASM/C/C++/ Python 언어 코딩 기술 - 운영체제... 경험 - Windows/Linux 상에서 C++/ Python 언어 사용 개발 경험 - C++ / Python 언어 사용 개발 경험 - 객체지향 설계에...
https://kr.indeed.com/viewjob?jk=job_1399ee2f387a27dd,카카오 전체의 계정 플랫폼을 만들 서버개발자 모집,카카오4.0성남 판교역,,"를 사용한 웹어플리케이션 개발 하둡 에코시스템을 활용한 대용량 데이터 처리 Ruby on Rails, Python 을 사용한 개발 Kafka, Redis, Elastic Search 등을 활용한 개발 함께 성장하고 싶다면..."
https://kr.indeed.com/viewjob?jk=job_04c58ca44664d447,"산업용 비전 처리 S/W 개발, AI 가속기 처리 S/W 개발 경력사원",여의시스템성남 중원구,,모바일·게임>응용프로그래머>Visual C++(MFC·ATL)|인터넷·IT·통신·모바일·게임>응용프로그래머> Python|인터넷·IT·통신·모바일·게임>응용프로그래머>인공지능(AI)|인터넷·IT·통신·모바일·게임>빅데이터·AI...
https://kr.indeed.com/viewjob?jk=job_2c1cb04522f89c75,[NAVER Cloud] Security Engineer 취약점 분석,네이버클라우드성남 분당구,,"플리케이션 취약점 분석 역량- Cloud 환경의 취약점 분석 역량- Python 언어를 이용한 취약점 진단 활용, 자동화 [우대사항]- 웹, 앱 어플... 통신·모바일·게임>웹프로그래머> Python|인터넷·IT·통신·모바일·게임..."
https://kr.indeed.com/viewjob?jk=job_4ac7a931ec46a330,[무료교육/취업지원] 빅데이터 애널리스트 양성과정 교육생,메디치이앤에스서울 금천구,,웹프로그래머>프론트엔드|인터넷·IT·통신·모바일·게임>웹프로그래머> Python|인터넷·IT·통신·모바일·게임>응용프로그래머>혼합현실(MR)|인터넷... 게임>빅데이터·AI(인공지능)> Python|인터넷·IT·통신·모바일·게임...
https://kr.indeed.com/viewjob?jk=job_f7cd55622750d778,[제약 벤처] 연구원 초빙 (선임-수석연구원),BOB네트웍스성남 분당구,,자격요건]. 경력: 책임~ 수석연구원 (1명). 학력/전공분야: 석사이상 / 분자모델링 [우대사항]- 해당 직무 경력 3년 이상- 모델링 소프트웨어 활용능력- Python 등 programming 경험자 우대...
https://kr.indeed.com/viewjob?jk=job_e81b135b5b40cc6a,[PBN] Back-End 프로그래머 모집,엔씨소프트2.7성남 판교역,,"Framework(Spring Boot)또는 Node.js 이용한 Application 개발 경험자 2. Python등의 스크립트 활용 3. mongoDB, mysql 개발 경험자 4. 최신 기술 동향에 능동적인 마인드 보유..."
https://kr.indeed.com/viewjob?jk=job_be6c1f03fa566f8e,추천 시스템 연구/개발,카카오4.0성남 판교역,,"분야 석사 또는 박사 학위 소지자 적어도 하나 이상의 능숙한 프로그래밍 언어가 있으신 분 우대사항 Python, C++, GPU 프로그래밍 숙련자 TensorFlow, PyTorch, implicit 등 머신러닝/추천..."
https://kr.indeed.com/viewjob?jk=job_b0e39e829a425353,카카오 광고 최적화 연구 및 개발,카카오4.0성남 판교역,,"활용한 어플리케이션 개발 지원자격 하나 이상의 프로그래밍 언어에 익숙한 분 (C/C++, Java, Python, Go, Scala 등) [알고리즘 개발 업무 관련 지원 경우] 데이터 마이닝 또는 머신러닝 지식/경험이..."
https://kr.indeed.com/viewjob?jk=job_07375dc4e800dfa9,추천 시스템 소프트웨어 엔지니어,카카오4.0성남 판교역,,"관련 업무 경험자 우대사항 운영체제, 네트워크, 컴파일러, 데이터베이스에 대한 이해가 깊으신 분 Python, C++, GPU 프로그래밍 숙련자 대용량/실시간 서비스 개발/운영 경험이 많으신 분 ICPC/TopCoder..."
https://kr.indeed.com/viewjob?jk=job_b14fdb9121c0a3f4,2021년 이공계 전문여성 아카데미 인턴십() 참여기업,한국여성공학기술인협회서울 강남구,,통신·모바일·게임>빅데이터·AI(인공지능)>데이터분석|인터넷·IT·통신·모바일·게임>빅데이터·AI(인공지능)> Python|인터넷·IT·통신·모바일·게임>빅데이터·AI(인공지능)>머신러닝|인터넷·IT·통신·모바일·게임>빅데이터...
https://kr.indeed.com/viewjob?jk=job_9789f07a557e37dc,[교보라이프플래닛생명] 데이터 애널리스트,교보라이프플래닛생명보험서울 영등포구,,"식이 높으신 분이면 좋습니다.○ Python, R 등을 활용한 데이터 프로... 지능)>빅데이터|인터넷·IT·통신·모바일·게임>빅데이터·AI(인공지능)> Python|인터넷·IT·통신·모바일·게임>빅데이터·AI(인공지능)>R|인터넷..."
https://kr.indeed.com/viewjob?jk=job_ffed458dd6df1a30,[2022 전문연구요원] AI R&D - Speech AI,엔씨소프트2.7성남 판교역,,분석합니다. 3. 음성을 만들어내는 음성 합성 모델을 개발합니다. 지원자격 학력 : 석사 이상 필수조건 - Python을 이용한 프로그래밍 경험이 있으신 분 - 데이터 마이닝/딥러닝/인공지능 관련 전공을 하거나 연구 경험이...
https://kr.indeed.com/viewjob?jk=job_f28f4b931feadb85,소프트웨어 개발 경력,매크로액트성남 수정구,"연봉 35,000,000원 - 40,000,000원",허위사실이 있을 경우 채용이 취소될 수 있습니다. 인터넷·IT·통신·모바일·게임>응용프로그래머>로봇소프트웨어개발자|인터넷·IT·통신·모바일·게임>응용프로그래머> Python|인터넷·IT·통신·모바일·게임>응용프로그래머>JAVA
https://kr.indeed.com/viewjob?jk=job_95929d1cd7077dfd,네이버 클라우드 플랫폼 기술지원,NIT Service성남 삼평동,,"클라우드 서비스 운영 경험 (AWS, Azure, KT Cloud 등) - Shell Script, Python 활용 가능 - 국가보훈대상자 및 장애인은 법령에 의거 우대 (※입사지원 시 보훈/장애사항 체크 필수..."
https://kr.indeed.com/viewjob?jk=job_6a319aa71361778b,[Knowledge AI R&D] ML 엔지니어 모집,엔씨소프트2.7성남 판교역,,pipeline 설계 및 구현 기술 연구 개발 지원자격 학력 : 학사 이상 경력기간 : 3년 ~ 필수조건 - Python 언어 및 SQL 쿼리 작업에 능숙하신 분 - ML 도구(scikit-learn/Spark MLlib...
https://kr.indeed.com/viewjob?jk=job_53fbfe54f327d9dc,AI Software Engineer,GE Appliances경기도 성남,,"TensorFlow 5+ years of programming experience in Python, C/C++ and MATLAB Experience working with other developers using Git..."
https://kr.indeed.com/viewjob?jk=job_97062eda1e80d8ec,마케팅 데이터 분석가 영입,카카오페이성남 백현동,,분 - SQL 등을 통해 복잡한 데이터 셋에서 원하는 데이터를 추출 및 가공할 수 있으신 분 - R 또는 Python을 활용하여 분석 및 결과 리포팅이 가능하신 분 - 분석을 통해 도출된 의견을 숫자 기반으로 논리적이고...
https://kr.indeed.com/viewjob?jk=job_6063067f58daecb9,광학솔루션사업부 경력사원 공고,LG이노텍4.1경기도 안산,,"dispensing, Vision/Function test) 우대 - 제어 부문 : C+, C++, C#, Python 등 프로그래밍 언어 사용 능숙자 우대 - 외국어 역량 우수자 우대 (TS 150점 이상, OPIC IH..."
https://kr.indeed.com/viewjob?jk=job_6ad55e06021ddccb,MongoDB Engineer 모집,카카오4.0성남 판교역,,"수정 및 적용하여 운영해본 경험이 있는 분 C/C++ 또는 Python 언어를 이용한 프로그램 개발(프로젝트) 경험이 있는 분 Golang, Python, Java등으로 API 기반 서비스 개발이 가능한 분 Openstack..."
https://kr.indeed.com/viewjob?jk=job_9193b9de45a0ac1c,Embedded Software Engineer - Connected,GE Appliances경기도 성남,,"skills with C, C++ and other script languages (i.e. python etc..) Strong knowledge... IOT devices communication protocols..."
https://kr.indeed.com/viewjob?jk=job_d7c94cd33867232d,[TL] MMORPG 클라이언트 프로그래머 모집,엔씨소프트2.7성남 판교역,,"텐츠 개발 경험 우대사항 - Unreal Engine 에 대한 이해 - 블루프린트, UMG 에 대한 이해 - Python, Design Pattern, 게임 수학 제출서류 포트폴리오(선택사항) 전형단계 서류전형 1차 면접..."
https://kr.indeed.com/viewjob?jk=job_ae185a03d7b8f71e,"사물인터넷(IoT) 개발, 메카트로닉스 외 신입/경력 정규직",리쉐니에수원 영통구,,"연구 빅데이터분석 및 AI개발 Python , WebRTC 프로그램개발... AI개발, Python / WebRTC프로그램개발 [우대사항] 전공계열: 공학계열 자격증: Python, Python 교육이수자, 빅데이터, 스마트공..."
https://kr.indeed.com/viewjob?jk=job_8a0f5a8857c12e2e,시스템엔지니어 신입/경력 정규직 [전문연구요원 지원 가능],루미르용인 수지구,,"3. 위성 ETB 및 AIT, 우주환경시험 유경험자 4. C/C++/ Python 활용 가능자 5. 영어 가능자 6. 전문연구요원 지원 가능 (주)루미... 환경시험 유경험자4. C/C++/ Python 활용 가능자5. 영어 가능자6..."
https://kr.indeed.com/viewjob?jk=job_0b320306d06b0f92,"IT기술지원, Perl 외 신입 정규직",피디에프솔루션세미컨덕터테크놀로지코리아성남 분당구,,"군지분석,상관성분석) 경험자R , Python , Perl , Oracle... Perl|인터넷·IT·통신·모바일·게임>빅데이터·AI(인공지능)> Python|인터넷·IT·통신·모바일·게임>데이터베이스·DBA>Oracle DB"
https://kr.indeed.com/viewjob?jk=job_0f284536b918df4f,CloudNative Engineer,아프리카TV경기도 성남,,"Jenkins,argonCD 등의 CI/CD 서비스 운영 - Python등을 이용한 업무 효율화/자동화 개발 [자격요건] - Cloud... 작업 경험이 있으신 분 - Python,perl 등을 이용한 업무 효율화..."
https://kr.indeed.com/viewjob?jk=job_7fdcd7a7457b1e93,데이터 분석,아프리카TV경기도 성남,,"의 서비스 이용/소비형태/이상현상과 트렌드 변화가 궁금하신 분 - B2C서비스 데이터 분석 직군에서 데이터 핸들링 경험이 있으신 분 - SQL,Excel,R, Python 등을 이용하여 데이터 추출 또는 분석이 가능하신 분"
https://kr.indeed.com/viewjob?jk=job_80a934b50778b4d9,[웹젠] DBA(경력),웹젠성남 분당구,,있는 분 - DB 서버 모니터링 및 장애 대응 경험이 있는 분 - Python에 관심이 있고 경험이 있는 분 • 기타 - 수시채용은 공고 게시 중에도... 장애 대응 경험이 있는 분 - Python에 관심이 있고 경험이 있는 분...
https://kr.indeed.com/viewjob?jk=job_4124ae4b678283f7,[블레이드 앤 소울] 툴 프로그래머 모집,엔씨소프트2.7성남 판교역,,"실패 포인트를 미리 대응한다. 지원자격 학력 : 무관 경력기간 : 2년 ~ 필수조건 1.C++, C#, Python 언어에 대한 이해 2.기본적인 툴 개발 지식 3.프로그래밍 기본 소양 우대사항 1.사용자 친화적인 마인드..."
https://kr.indeed.com/viewjob?jk=job_1961a1ecccb03336,[NIT Service] 네이버 파이낸셜 플랫폼 운영,엔아이티서비스성남 분당구,,"및 어플리케이션 배포 전략 지식 보유 - Shell script, python 및 web framework 등 기타 프로그래밍 언어 활용 가능... 보유 - Shell script, python 및 web framework..."
https://kr.indeed.com/viewjob?jk=job_e29bd57c416ee579,인재 Pool 등록,S&I Corp.대한민국,,"5년 이상 (IT기획, 프로젝트 PM/PL, 개발경력 등) - 자격 : 컴퓨터 언어 활용능력 보유 (JAVA, PYTHON) : 데이터베이스(RDBMS) 활용능력 보유 - 우대사항 : IT 예산(HW,SW,인건비) 수립 경험..."
https://kr.indeed.com/viewjob?jk=job_0c32e6464cad3b0a,[카카오 클라우드]DBaaS(DataBase As A Service) 개발자 모집,카카오4.0성남 판교역,,"및 유지 보수 지원자격 필수 자격 협업을 우선 가치로 유연한 커뮤니케이션이 가능하신 분 golang, python 등으로 API 기반 서비스를 구현해본 경험이 있으신 분 서비스 요구 사항을 기능으로 구현할 수 있는 분..."
https://kr.indeed.com/viewjob?jk=job_0387ddfb9c185057,추천 AI 기술 연구 및 개발자 모집,엔씨소프트2.7성남 판교역,,"및 연구/문제 해결 능력 - Python 언어에 능숙하신 분 2. 해당직... Learning, Planning, Simulation - Python 우대사항 - AI 관련 전공자 - 대학, 기업체, 연구소 및 다양한 비즈니스..."
https://kr.indeed.com/viewjob?jk=job_be95b5718905880f,AI/빅데이터/클라우드 분야 (인재 Pool),LG유플러스3.8서울,,"의미한 인사이트 발굴 - R, Python, SQL 등 Statistics... 등)의 다양한 솔루션을 활용하여 서비스 개발 경험자 2) Java, Python 등 프로그래밍 개발 경험 보유자 3) Container 기반 서비스..."
https://kr.indeed.com/viewjob?jk=job_bc477bd43b19f752,자동차 전장 ADAS 카메라 System SW 개발 전문가,LG전자3.8서울특별시,,Service/Application 개발 경험. ㆍ영상 처리 및 영상 데이터 컨트롤 - 중급 이상 C/C++/ Python/MATLAB 및 computer vision관련 tool 활용 가능 - Image geometry 및...
https://kr.indeed.com/viewjob?jk=job_7da03d182cfb2dd5,티맵모빌리티 서버개발자 - EV충전서비스,티맵모빌리티서울특별시,,어권 외국인과 어색하더라도 웃으면서 하고 싶은 말과 정보를 전달하실 수 있는 분 - Kotlin/Java/ Python/Ruby 등 하나 이상에서 스스로 전문가라고 다짐할 수 있는 분 기타 근무지 서울 2호선 을지로입구역...
https://kr.indeed.com/viewjob?jk=job_1f99538f7260c29d,BI&DW 엔지니어 (경력),네오위즈대한민국,,"나은 솔루션이 있는 경우, 공감할 수 있도록 이해시키고 적합한 방향으로 이끌 수 있는 분 우대사항 - Python 혹은 Bash script로 배치 스크립트 작성이 가능한 분 (+a 배치에 대한 잠재적 오류사항을 효과적으..."
https://kr.indeed.com/viewjob?jk=job_8b5826f367d5c122,렌더링 엔진 개발자 모집,스노우성남 백현동,,"디자인 패턴, ReactiveX 활용 경험 - Java, Swift(Objective C), Lua, Python 등 다양한 언어 경험 - Computer Graphics 이해 - Image Processing 이해..."
https://kr.indeed.com/viewjob?jk=job_89f3e10d77a126bf,Field Service Engineer Korea,Nearfield Instruments경기도 용인,,"troubleshooting. Preferably to have coding capability (Matlab, Python...etc... data analysis, visualization, and algorithm..."
https://kr.indeed.com/viewjob?jk=job_0c48bec15df378f6,헬스케어 IoT 분야 Backend 개발자,엠마헬스케어성남 분당구,"연봉 28,000,000원 - 30,000,000원",학위 소지하신 분• Java 또는 Python 언어로 서버 개발 경험 보유... 웨어>소프트웨어|인터넷·IT·통신·모바일·게임>빅데이터·AI(인공지능)> Python|인터넷·IT·통신·모바일·게임>빅데이터·AI(인공지능)>데이터분석...
https://kr.indeed.com/viewjob?jk=job_d74f2a9064a25a6a,"빅데이터연구소 경력 직원 모집(DBA, GIS분석, 부동산DB연구)",부동산114성남 삼평동,,"ㆍ부동산학과, 통계학과 등 관련학과 전공자 우대 ㆍ부동산분야 DB설계, 관리 업무 경험자 우대 ㆍSQL, Python 사용 경험자 우대 모집기간 : 2021년 7월 1일 ~ 2021년 7월 31일 (단, 적격자 우선 면접..."
https://kr.indeed.com/viewjob?jk=job_c18db5d32e7ca8da,Support Engineer-DBA,Microsoft4.2서울,,"Understanding of any or multiple development languages like Python, C#, JavaScript, R • Good Knowledge of .Net Framework..."
https://kr.indeed.com/viewjob?jk=job_19da3484bd7a72f1,Machine Learning R&D 연구원,카이어서울 서초구,,"가능) ㆍ최신 딥러닝, 기계학습 이론에 대한 이해 및 구현 역량 ㆍ Python, TnsorFlow, C/C++, TensorRT 등 프로그래밍 실무... 대한 이해 및 구현 역량 ㆍ Python, TnsorFlow, C/C++..."
https://kr.indeed.com/viewjob?jk=job_79fb95da6dff4025,하반기 신입(채용 연계형 인턴) 수시채용,홈앤쇼핑서울 마곡동,,"Python, R, 기타 코딩 능력 보유자 또는 통계 분석에 대한 기초 지식 보유자 중 1개 해당자 우대사항 · 통계 분석에 대한 기초 지식 보유자 · 기초 프로그래밍 코딩 구현 능력 보유자 ( Python or R..."
https://kr.indeed.com/viewjob?jk=job_6fe5311eacbea17a,데이터 인프라 담당자 모집,카카오4.0성남 판교역,,"어링 5년 이상 업무 경험 보유자 하둡 에코시스템 기반 대용량 데이터의 수집, 가공이 가능한 분 Java, python, go, bash 등 언어 중 하나 이상 활용 가능하신 분 #우대사항 데이터 분석가, 머신러닝 전문가..."
https://kr.indeed.com/viewjob?jk=job_ff5b5fcb175a0edd,Vision AI Engineer,LINE Plus corporation대한민국,,"좋아하고 팀원들과 소통하며 함께 성장하는 것을 추구하시는 분 다음 중 하나 이상의 언어에 능숙하신 분 ( Python/C, C++/Java/Object C/Swift/Kotlin) 우대사항 석사 또는 박사 학위를 보유하신 분..."
https://kr.indeed.com/viewjob?jk=job_cc9d9d877af2fd19,[무료교육/취업연계] 2021년 클라우드 기반 IT/SW 개발자 양성과정 교육생,한국표준협회서울,,통신·모바일·게임>빅데이터·AI(인공지능)>데이터분석|인터넷·IT·통신·모바일·게임>빅데이터·AI(인공지능)> Python|인터넷·IT·통신·모바일·게임>빅데이터·AI(인공지능)>머신러닝|인터넷·IT·통신·모바일·게임>빅데이터...
https://kr.indeed.com/viewjob?jk=job_2615573761265171,[전문연구요원] Software Engineer,Upstage경기도 용인,,"사항: 관련 분야 석사 학위 하나 이상의 프로그래밍 언어에 능숙하신 개발자(예: Java, C/C++, Python, Ruby, JavaScript) 클라우드 컴퓨팅 솔루션 경험(예: AWS, GCP) 관계형 데이터베이스..."
https://kr.indeed.com/viewjob?jk=job_0e25160b5a1d095f,[유통 대기업] Business Analyst(비지니스분석가) 과차장급,에이치알니즈서울,,"이터 컨설팅 또는 비즈니스 컨설팅 경력 5년 이상 보유 -SQL, R, Python 중 1개 이상의 분석 도구 활용 경험 보유 -비지니스에 대한 문제... 게임>빅데이터·AI(인공지능)> Python|인터넷·IT·통신·모바일·게임..."
https://kr.indeed.com/viewjob?jk=job_7138626d136ea1f5,[연구개발 부문] 연구원 (MCU 계측제어설계/머신비전/이미지프로세싱),모든경기도 광명,"연봉 42,000,000원 - 46,000,000원","프로그래밍 가능자 우대S/W 설계 부문 : - OPEN CV, TENSORFLOW, YOLO, CUDA/ Python, C++, C WindowsGUL APL, MFC Lib 활용 가능자. 머신비전/ 영상처리 개발자* 전기..."
https://kr.indeed.com/viewjob?jk=job_7c4c26a263cfcff7,ADS User Data Analyst,LINE Plus corporation대한민국,,"격요건 Metric 도출과 현상에 대한 인과관계를 데이터로 해석하여 리포팅하실 수 있으신 분 SQL, R, Python 등 툴을 이용한 데이터를 분석하실 수 있으신 분 긍정적인 마인드로 데이터에 대해서 세밀하게 문제를 해결하..."
https://kr.indeed.com/viewjob?jk=job_3d6c266ae2b4771e,[카카오맵] 검색/추천 개발자 모집,카카오4.0성남 판교역,,"개발 로컬 검색 / 추천 서비스 개발 카카오맵 검색 품질 개선 카카오맵 추천 서비스 개발 사용하는 기술셋 Python, Java( Spring ) ML, Pandas SQL, Spark, Hadoop Eco System..."
https://kr.indeed.com/viewjob?jk=job_dbe3257e487e5814,[AI/Lab] AI 백엔드 엔지니어 (전문연구요원 가능),버즈니서울,,"플랫폼 및 시스템 구축 이런 분을 찾습니다 주도적으로 문제를 찾고, 해결할 수 있는 능력을 보유하신 분 Python 사용 경험이 있으신 분 다음 항목 중 두 가지 이상에 해당되는 분 AWS 혹은 GCP와 같은 클라우드 플랫폼..."
https://kr.indeed.com/viewjob?jk=job_8da3126d27626076,모빌리티 부문 경력,현대오토에버서울 강남구,,Python|인터넷·IT·통신·모바일·게임>웹프로그래머>JAVA|인터넷·IT·통신·모바일·게임>웹프로그래머>백엔드|인터넷·IT·통신·모바일·게임>웹프로그래머>프론트엔드|인터넷·IT·통신·모바일·게임>웹프로그래머> Python...
https://kr.indeed.com/viewjob?jk=job_0d10d8993d3cdfa9,HW/SW 분야 직무 교육 전문강사,에이치에스글로벌서울 강남구,,통신·모바일·게임>응용프로그래머>인공지능(AI)|인터넷·IT·통신·모바일·게임>빅데이터·AI(인공지능)> Python|인터넷·IT·통신·모바일·게임>빅데이터·AI(인공지능)>빅데이터|인터넷·IT·통신·모바일·게임>빅데이터·AI...
https://kr.indeed.com/viewjob?jk=job_f0db02b55ac0f284,A.I 인공지능 개발 경력직,파이프트리스마트팜서울 송파구,,파이프트리 스마트팜 A.I 개발 경력직 채용 공고 인터넷·IT·통신·모바일·게임>빅데이터·AI(인공지능)> Python|인터넷·IT·통신·모바일·게임>빅데이터·AI(인공지능)>R|인터넷·IT·통신·모바일·게임>빅데이터·AI...
https://kr.indeed.com/viewjob?jk=job_d4c94aa1d7e84908,금융 데이터 분석 및 모델 개발,케이지제로인대한민국,,"지원 가능) 우대사항 ㆍ통계 분석 알고리즘 이해 및 활용 능력 보유 ㆍ데이터분석/모델링을 위한 언어(R/ Python 등) 활용 경험 ㆍ금융관련 자걱증 소지자(CFA, FRM, 투자자산운용사 등) ㆍIT 관련 자격증 소지자..."
https://kr.indeed.com/viewjob?jk=job_3544467a7b64376f,[전문연구요원] 의료영상 리서치 엔지니어 정규직,메디픽셀서울 마포구,,"학력무관직무기술: VISUALC++, 응용프로그래밍, C·C++, Python, AI개발 2 명 근무조건 고용형태: 정규직(수습기간3개월)근무부서... 머신러닝(ML)|인터넷·IT·통신·모바일·게임>응용프로그래머> Python"
https://kr.indeed.com/viewjob?jk=job_b92aa9fa4dd865f2,PM/PL & 데이터분석가 & 일반영업 정규직,데이터누리서울 강서구,,"빅데이터 플랫폼 운영 및 개발 경험- 개발 경력 보유자(Java, Python, R, react, JavaScript, node.js 등)- DB... 게임>빅데이터·AI(인공지능)> Python|인터넷·IT·통신·모바일·게임..."
https://kr.indeed.com/viewjob?jk=job_3cf01580ba5eb23a,NLP Researcher,AITRICS서울,,"Stacks [Back-end] Language: python, golang Python Framework: Django, Bottle [Front... Language: python, golang Python Framework..."
https://kr.indeed.com/viewjob?jk=job_c0574107a4de85c1,로데슈바르즈코리아 연구소 개발자,로데 슈바르즈 코리아서울 강남구,,"소프트웨어 개발 혹은 시스템 통합 경험을 보유하신 분으로 경력 1년 ~ 3년ㆍ프로그래밍 언어 C/C++, Pythonㆍ적극적으로 동료들과 소통하고 책임감이 있는 분ㆍ새로운 기술 습득에 열정이 있으신 분ㆍ비지니스 수준의 영어..."
https://kr.indeed.com/viewjob?jk=job_c5a2d1029018e4ba,Expat: Experimental Physicist Tuning and Monitoring,IMS Nanofabrication경기도 화성,,Experience in using office programs and Unix (Linux) Python and Jira experience is preferred. Deliberate and organized work...
https://kr.indeed.com/viewjob?jk=job_b2eb1fe78ff9ee5f,[대기업] 데이터분석가 경력 (대리~과장급 2명),에이치알니즈서울,,"경력5년 이상-통계분석과 Machine Learning알고리즘에 대한 기본지식 보유-SQL, SAS, R, Python 중2개 이상의 분석도구에 대한 기본 이해-현상에 대한 문제인식과 적극적인 문제해결의지-통계적 수치에 대한..."
https://kr.indeed.com/viewjob?jk=job_1d89fe4b37ab05ed,"데이터마이닝, 빅데이터 큐레이터 외 신입/경력 정규직",에임즈인터내셔널코리아서울 강남구,,"있거나 이에 준하는 실질적인 기술 경력 -데이터를 다루기 위한 Python 혹은 R 등의 프로그래밍 능력 -SQL의 사용 능력 -데이터를 다루기 위한 Python, R, Java 중 1개의 프로그래밍 능력 -대용량 데이터..."
https://kr.indeed.com/viewjob?jk=job_a25c504ff473f758,스팸 및 어뷰징 분석/대응 시스템 개발자 모집,카카오4.0성남 판교역,,"개발 콘텐츠 모니터링을 위한 웹 어플리케이션 개발 지원자격 [기본사항] java (kotlin), python, scala 중 하나 이상 익숙하신 분 입사 후 최초 6개월 동안 제주 근무 가능하신 분 (제주 근무 기간..."
https://kr.indeed.com/viewjob?jk=job_b970fab4900ee5ec,[포털서비스] AB테스트 설계/분석 데이터 엔지니어 및 서버 개발자 모집,카카오4.0성남 판교역,,니다. 실험 프로세스 구축 및 이를 위한 도구 개발 지원자격 최소자격 개발 경력 2년 이상 Python 사용에 어려움이 없으신 분 우대사항 하둡 에코시스템에서 대용량 데이터 처리 경험이 있으신 분 ( hadoop...
https://kr.indeed.com/viewjob?jk=job_0173e8547d42c81f,5G 시스템 소프트웨어 개발자,Ericsson서울,,"Erlang, Java, Python Domain experience... 가능) 프로그래밍 언어: C, C++(필수) / Erlang, Java, Python(우대) 기술 분야: 라디오 엑세스 네트워크, 5G NR, LTE..."
https://kr.indeed.com/viewjob?jk=job_7dc3cf5537450b54,게임 데이터 서비스/플랫폼 개발,NHN4.4성남 판교역,,"지표 분석 활동 - Hadoop 에코시스템을 통한 데이터 수집, 처리 및 지표 분석 경험 - Java, Python, Scala 중 최소 1가지 언어를 이용한 데이터 분석 및 소프트웨어 개발 역량 - 데이터 기반의 문제..."
https://kr.indeed.com/viewjob?jk=job_ab2f9b51bae920fa,Technical Writer 담당자 영입,카카오페이성남 백현동,,"엔지니어들이 이해할 수 있도록 전문적인 기술 문서로 작성한 경험이 있으신 분 - Java, Kotlin, Python, Javascript 등의 소스코드를 읽고 이해할 수 있는 능력을 보유하신 분 - 개발, 서버, 네트워..."
https://kr.indeed.com/viewjob?jk=job_6d817b9571866094,[부산 IT 취업 교육] 자바(JAVA) 스프링(SPRING) 웹 개발자 양성,아이티윌 부산교육센터부산 부산진구,,통신·모바일·게임>웹프로그래머>백엔드|인터넷·IT·통신·모바일·게임>응용프로그래머>Android|인터넷·IT·통신·모바일·게임>빅데이터·AI(인공지능)> Python|인터넷·IT·통신·모바일·게임>빅데이터·AI(인공지능)>R
https://kr.indeed.com/viewjob?jk=job_d4412b208f5b11de,System Engineer,아프리카TV경기도 성남,,"현황 및 지표 분석이 가능하신 분 - Active Directory 구축,운영 경험이 있으신 분 - 아이디어를 나누고 공유하는 커뮤니케이션을 즐거워 하시는 분 - Python,Go 등 프로그래밍의 자기계발을 하시는 분"
https://kr.indeed.com/viewjob?jk=job_d6f30962332942d8,2021년 하반기 수시채용,한화테크윈성남 삼평동,,"Language 필수, Python 가능 - Image Processing... 설계, System-Verilog 및 UVM 설계 - C/C++, Python 가능, Timing report 분석 가능(DC, PT) 0명 판교..."
https://kr.indeed.com/viewjob?jk=job_c2c2b5fb87057ad2,(주)스누아이랩 AI연구소 신입/경력 정규직,스누아이랩서울 관악구,,인공지능)>인공지능(AI)|인터넷·IT·통신·모바일·게임>빅데이터·AI(인공지능)>머신러닝|인터넷·IT·통신·모바일·게임>빅데이터·AI(인공지능)>빅데이터|인터넷·IT·통신·모바일·게임>빅데이터·AI(인공지능)> Python
https://kr.indeed.com/viewjob?jk=job_d81b36a0bbcd8282,차세대 AAA 게임 테크니컬 아티스트 모집,엔씨소프트2.7성남 판교역,,"우대 Skill - 일정 수준 이상의 영어 스킬(기술문서 독해 및 청취 가능 여부) - Max Script, Python, C Sharp, 등을 이용한 Script & Tool 제작 Skill - UE4 Blueprint 로..."
https://kr.indeed.com/viewjob?jk=job_a50f8c582b21a83a,[데이터사이언스] 계약직,하나카드서울 중구,,모바일·게임>빅데이터·AI(인공지능)>데이터분석|인터넷·IT·통신·모바일·게임>빅데이터·AI(인공지능)> Python|인터넷·IT·통신·모바일·게임>빅데이터·AI(인공지능)>데이터마이닝|인터넷·IT·통신·모바일·게임>빅데이터...
https://kr.indeed.com/viewjob?jk=job_a0dda478567db352,"(주)트윔 개발자(경력직) 빅데이터,영상처리,머신비전/AI 딥러닝",트윔경기도 화성,,"자기주도적으로 진행한 경험 - Python/C/C++ 능통자 - 데이터... RNN 등 딥러닝 이론 및 알고리즘 유경험자 - C/C++, Java, Python/TensorFlow/Caffe 사용가능자 - Matlab/R 분석..."
https://kr.indeed.com/viewjob?jk=job_f04e759ab4de87e3,Product Engineer - Fab Analytics,Siemens Electronic Design Automation (Korea) LLC4.0경기도 성남,,"working as process, integration or yield engineer. Python programming languages. UNIX/Linux operating systems is required..."
https://kr.indeed.com/viewjob?jk=job_3ad6a46b279e6302,AI Engineer : 의료 영상 데이터 활용 딥러닝 알고리즘 개발,테서서울 강남구,,모바일·게임>빅데이터·AI(인공지능)>인공지능(AI)|인터넷·IT·통신·모바일·게임>빅데이터·AI(인공지능)> Python|인터넷·IT·통신·모바일·게임>빅데이터·AI(인공지능)>머신러닝|인터넷·IT·통신·모바일·게임>빅데이터...
https://kr.indeed.com/viewjob?jk=job_83b17821d0613f54,Security/ASDL 경력인재 - 자동차 전장부품 우량대기업,에스에프인촌서울,,바일·게임>응용프로그래머>Linux|인터넷·IT·통신·모바일·게임>응용프로그래머>Android|인터넷·IT·통신·모바일·게임>응용프로그래머> Python|전자·기계·기술·화학·연구개발>연구원·연구개발>커넥티드카소프트웨어기술개발
https://kr.indeed.com/viewjob?jk=job_2ba9d984a21e03b1,[전문연구요원] R&D 부문 개발자 병역특례,스칼라웍스서울 금천구,,"Data Analysis (R, SQL 등의 활용 능력 우대)3) Python Application 관련 개발 업무 (코딩 또는 문제해결) 4) ML... 게임>빅데이터·AI(인공지능)> Python|인터넷·IT·통신·모바일·게임..."
https://kr.indeed.com/viewjob?jk=job_ea2ab43c3a607fb1,Python 기반 빅데이터 처리 개발자,드림어스컴퍼니서울 서초구,,인터넷·IT·통신·모바일·게임>웹프로그래머> Python|인터넷·IT·통신·모바일·게임>응용프로그래머> Python|인터넷·IT·통신·모바일·게임>통신·모바일>플랫폼(VM)
https://kr.indeed.com/viewjob?jk=job_a6bf6722793470cf,카카오 지갑/인증 플랫폼 서버 개발자 모집,카카오4.0성남 판교역,,"Docker를 이용한 서비스 운영 경험 테스트 구축, 지속적인 구조 개선 경험 웹 Front End 개발 경험 Python 을 사용한 서비스 개발 경험 필독사항 ※ 카카오 테크 직군의 경우, 개발 경력 1년 미만일 시..."
https://kr.indeed.com/viewjob?jk=job_43f8edb38c7888c7,[위메프오] 서버개발자,위메프2.8대한민국,,"데이터베이스 분산설계 및 미들웨어 개발 [자격사항] - 서버 프로그래밍 언어(PHP, Go, C/C++, Python, Java) 중 1개 이상 사용이 가능한 분 - 자료구조, 알고리즘, 분산처리 등 SW관련 기본지식 보유..."
https://kr.indeed.com/viewjob?jk=job_71edccc74bbcab07,"SK 바이오사이언스 ‘21년 4분기 영업관리 경력사원 (경영/경제, 산업공학 전공 우대)",SK 바이오사이언스성남 분당구,,"학사 이상 2) 요구전공 : 경영/경제, 산업공학 등 3) 경력 : 3~5년 우대 1) Tableau, Python, R 등 다양한 Data 분석 Tool 활용가능자 우대 2) SAP ERP SD모듈 활용가능자 우대 3..."
https://kr.indeed.com/viewjob?jk=job_70df1fb5c7c70474,MySQL Engineer 모집,카카오4.0성남 판교역,,"도전하는 것이 즐거운 분 안 되는 것에 짜증 내기보다는 긍정적으로 어떻게 해야 할지를 고민할 수 있는 분 python, go, bash 등 스크립팅 언어를 하나 이상 사용하실 수 있는 분 MySQL에 대해 전반적으로 이해하고..."
https://kr.indeed.com/viewjob?jk=job_3822d1c0cf5cb8db,BackEnd Engineer,Streami서울,"연봉 50,000,000원 - 150,000,000원","Javascript, Java, Python 중 적어도 하나 이상의 경험을... 구축을 경험하신 분 * Modern Javascript, Java, Python 중 하나 이상에 탁월한 능력을 지닌 분 * AWS 상에서 제품을 구축..."
https://kr.indeed.com/viewjob?jk=job_1be2f858ff81be64,Application Engineer - IP Validation,Siemens Electronic Design Automation (Korea) LLC4.0경기도 성남,,"programming and scripting languages (one or more of: Python [preferred], Perl, Tcl, Shell-based) Being familiar with OOP..."
https://kr.indeed.com/viewjob?jk=job_71c47ac87bb4087e,기술 인턴 인공지능 응용 연구/개발 인턴,써로마인드로보틱스서울 관악구,,"6개월) (협의) *모집 절차: 서류 à인터뷰(오프라인) *지원 자격: 프로그래밍 언어 활용 능력: Python, C, C++ 중 1가지 이상 데이터구조, 알고리즘 과목 이수 머신러닝과 딥러닝의 기본 개념 이해 머신러닝..."
https://kr.indeed.com/viewjob?jk=job_878c2bc042c0221f,글로벌주식운용팀 경력사원 안내 (~11/30),삼성자산운용대한민국,,"량분석(Quantitative Analysis) 을 통한 개별주식 운용 전략 개발 및 운용 경력 우대 - Python, VBA 등의 프로그래밍 언어를 통한 개발 능력 및 MSSQL 등 의 데이터베이스 연계 프로그래밍 경력자..."
https://kr.indeed.com/viewjob?jk=job_7b2496c8a71f02f2,광고데이터플랫폼 개발자 모집,카카오4.0성남 판교역,,"무와 데이터 파이프라인 시스템 설계/구축/관리 업무를 수행하게 됩니다. 지원자격 개발 경력 3년 이상 Python, Java, Kotlin, Scala 중 하나 이상의 언어에 능통 SQL 또는 HiveQL에 능통 대용량..."
https://kr.indeed.com/viewjob?jk=job_4722506a02749f75,신세계건설] 신세계건설(주) 스마트건설 경력사원 모집,신세계4.5경기도,,"포함) - 3차원 데이터 취득 장비(LiDAR/Drone 등) 활용능력 보유 우대 - 컴퓨터 언어( Python, C++등) 및 BIM S/W 활용능력 보유 우대 - BIM 관련 프로젝트 입찰 참여 및 현장기술 지원..."
https://kr.indeed.com/viewjob?jk=job_038c468c430dd125,"목동 컴퓨터 학원 코딩 강사 (정규직 및 계약직, 경력무관)",잼코딩목동캠퍼스서울 양천구,,"2,3년)졸업 이상 기타: [IT·문화·직업강사] - C, C++, Python 언어 수업 가능자 [교육상담·학원에이전트 ] - CS 마인드 보유자... 문화·직업강사]- C, C++, Python 언어 수업 가능자[교육상담..."
https://kr.indeed.com/viewjob?jk=job_56523d2ce6f8d860,NHN Cloud 인프라 서비스 개발,NHN4.4성남 판교역,,우대사항 - NHN Cloud에서 제공하는 다양한 인프라 서비스 개발 - C/C++ 또는 Java/ Python 개발 경력 5년 이상 - Linux 환경 개발자 - Openstack 개발 경험 - Container...
https://kr.indeed.com/viewjob?jk=job_40242ac4ad660d9e,"AI개발, 웹개발(Django) 외 신입/경력 정규직, 계약직",올유저닷넷서울 마포구,,인터넷·IT·통신·모바일·게임>웹프로그래머>웹개발|인터넷·IT·통신·모바일·게임>웹프로그래머> Python|인터넷·IT·통신·모바일·게임>빅데이터·AI(인공지능)>인공지능(AI)|인터넷·IT·통신·모바일·게임>웹디자인>UI...
https://kr.indeed.com/viewjob?jk=job_3cd339cf8959f44d,생명정보학 부문 박사졸 선임연구원 정규직 정규직,카이팜서울 서대문구,"연봉 50,000,000원 - 60,000,000원","- Python or R 활용가능 -Linux terminal 능숙 -생물학... 생명정보학, 생물정보학-외국어: 영어 회화가능,독해가능,작문가능- Python or R 활용가능- Linux terminal 능숙- 생물학 기초 수강..."
https://kr.indeed.com/viewjob?jk=job_8e427bfa23c2365d,Machine Learning Engineer (LINE AI Services Lab),LINE Plus corporation대한민국,,"있으신 분 Hadoop MR, Hive, Spark 등 대용량 처리 프레임워크 개발/사용 경험이 있으신 분 Python, Scala, SQL 등의 프로그래밍 언어를 사용할 수 있으신 분 해외 출장 및 근무에 결격 사유 없으신..."
https://kr.indeed.com/viewjob?jk=job_76ede5b272c46cad,AI분야 코스닥상장사 백엔드개발 경력 정규직,서치넷성남 분당구,,부분을 개발해보거나 프로젝트를 진행해본 경험이 있으신 분 2) Python / golang 중 하나 이상을 능숙하게 사용하실 수 있으신 분 3... 진행해본 경험이 있으신 분2) Python / golang 중 하나 이상을...
https://kr.indeed.com/viewjob?jk=job_bc6f3958319c0a16,데이터 사이언티스트 경력자,LG전자3.8서울특별시,,"개발 경험 . 자연어처리/시계열 분석/머신러닝/데이터 마이닝 알고리즘 이론 및 실무 적용에 대한 깊은 이해 . Python Data & Analytics 라이브러리 경험 (NLTK, Spacy, Scikit-Learn..."
https://kr.indeed.com/viewjob?jk=job_9099b0cbccb5f25d,[정규직] 소프트웨어 / AI개발,리버트론서울 영등포구,,이터·AI(인공지능)>빅데이터|인터넷·IT·통신·모바일·게임>빅데이터·AI(인공지능)>머신러닝|인터넷·IT·통신·모바일·게임>빅데이터·AI(인공지능)> Python|인터넷·IT·통신·모바일·게임>빅데이터·AI(인공지능)>딥러닝
https://kr.indeed.com/viewjob?jk=job_d17da0baecf05910,데이터 분야 경력,LG CNS3.7서울,,"해가 뛰어난 자 - R, Python, SAS, SQL 등 활용 역량 우대사항(해당 내용 중 1개 이상) - ML/DL 경험 인력 우대 - 관련 분야 석사 이상 학위 소지자 우대 - R, Python등 데이터분석 모델링 경험..."
https://kr.indeed.com/viewjob?jk=job_65d17e4704beb445,네트워크 보안 담당자 채용,케이뱅크은행서울 중학동,,"정보보안기사 등 관련 자격증을 보유하신 분 - 포렌식 업무 경험 또는 관련 자격증을 보유하신 분 - Java, Python 등 프로그래밍 언어가 능숙하신 분 근무조건 [근무조건] - 근무형태 : 정규직 - 모집인원 : 명..."
https://kr.indeed.com/viewjob?jk=job_d585814d097935eb,카카오톡 보이스톡/페이스톡/라이브톡 개발자 모집,카카오4.0성남 판교역,,"우대 사항 ✓ Spring/Java 혹은 Spring/Kotlin 기반 서버 개발 경험 ✓ MySQL, Python, JavaScript, Node.js 경험 ✓ 모바일/웹 환경을 위한 API 시스템 개발 경험 ✓ k8s..."
https://kr.indeed.com/viewjob?jk=job_2ca16f737da77617,[인턴] Lighthouse 채용연계형 인턴 채용 (ML Engineer),삼정 KPMG3.3서울 강남구,,Deep Learning 대한 기초적인 이해 -NLP 모델 또는 Vision 모델에 대한 이론적인 이해 - Python을 사용하여 개발 가능 -정규직 전환 시 full-time 근무 가능 자 -다양한 논문을 읽고 이해할 수...
https://kr.indeed.com/viewjob?jk=job_c7d52aeb22295927,데이터표준품질부문 경력직 (정규직),한국정보기술단서울 강남구,,데이터분석|인터넷·IT·통신·모바일·게임>빅데이터·AI(인공지능)> Python|인터넷·IT·통신·모바일·게임>빅데이터·AI(인공지능)>R|인터넷... DBA>MySQL|인터넷·IT·통신·모바일·게임>응용프로그래머> Python
https://kr.indeed.com/viewjob?jk=job_d5f94b987d7e125d,[KSTEC] 2020년 신입 및 경력 채용 (SW개발자),지식시스템(주) 관심기업 IBK추천성남 삼평동,,"지능화(의사결정 자동화) 시스템 개발 (SPSS, SAS, R, Python, Java 기반) 2. 기업용 데이터과학&인공지능 플랫폼 솔루션... 1. SPSS, SAS, R, Python, Java 등 데이터분석..."
https://kr.indeed.com/viewjob?jk=job_b6d169aa029a45a6,[강남/스타트업] 에이스랩 자율주행 엔지니어,에이스랩서울 강남구,,"공학 등 관련학사혹은 상응하는 지식- 프로그래밍 능력 (C/C++, python, etc)자세한 업무 및 자격 요건은 자사 홈페이지에서 확인 00 명... 통신·모바일·게임>응용프로그래머> Python|인터넷·IT·통신·모바일·게임..."
https://kr.indeed.com/viewjob?jk=job_74a1c32205093e57,QUANTUM.AI 개발팀 정규직 (back-end),퀸텀에이아이서울 금천구,,"개발팀직급/직책: 팀원, 팀장 [자격요건]경력사항: 경력(2년~)학력사항: 학력무관직무기술: 웹프로그래밍, Python, 앱 백엔드 개발자 (Django/MySQL/AWS)우대사항- AI 관련 서비스 개발 경험 0 명 근무조..."
https://kr.indeed.com/viewjob?jk=job_e91b5984e7f5d3fd,"데이터베이스개발자, 웹개발 신입/경력 정규직",여의도사람들서울 영등포구,"연봉 36,000,000원 - 60,000,000원","개발자 ㆍCss/html 등 웹디자인 관련 유경험자 ㆍ자바스크립트, Python, C++, 닷넷 등 ㆍNode, Selenium, electron... 관련 유경험자ㆍ자바스크립트, Python, C++, 닷넷 등 ㆍNode..."
https://kr.indeed.com/viewjob?jk=job_e03c3db92d5c1291,"백엔드, 웹개발 경력 정규직 - 스타트업/워라밸/수평문화/연봉최대협의",티에스커리어안양 동안구,"연봉 40,000,000원 - 50,000,000원","mindhub.aiJob Description◎ 채용제목백엔드 개발자 채용◎ 자격요건- Node.js 또는 python 개발자- React.js, Vue.js, Flask, Django 중 1가지 경험자- REST-API..."
https://kr.indeed.com/viewjob?jk=job_df21e3bb5d773616,Python Programmer,Mofac서울 서초구,,개발 – JAVA 프로그래밍(라이브러리 활용) – Spring 프레임 워크 개발 – Python API 프로그래밍 우대사항 – Python 개발 경험 – Open Source 라이브러리 개발경험 – Web 표준에 대한 경험...
https://kr.indeed.com/viewjob?jk=job_bf205a49ed87fa03,[LNG발전소] 데이터분석 전문가,에이스파트너스서치펌충청남도,,모바일·게임>빅데이터·AI(인공지능)>인공지능(AI)|인터넷·IT·통신·모바일·게임>빅데이터·AI(인공지능)> Python|인터넷·IT·통신·모바일·게임>빅데이터·AI(인공지능)>머신러닝|인터넷·IT·통신·모바일·게임>빅데이터...
https://kr.indeed.com/viewjob?jk=job_2a9a2f04387dab43,[엑스퍼넷] 부설연구소 클라우드 서비스 개발 신입/경력직,엑스퍼넷안산 단원구,,"보유자 - REST API 이해 가능자(2) 자격요견 / 경력 - python, flutter framework 개발 경험자 - 네트워크 프로그래밍... 통신·모바일·게임>웹프로그래머> Python|인터넷·IT·통신·모바일·게임..."
https://kr.indeed.com/viewjob?jk=job_e25431d3416ea9c3,Application Engineer - IP Validation,Siemens4.0경기도 성남,,"programming and scripting languages (one or more of: Python [preferred], Perl, Tcl, Shell-based) Being familiar with OOP..."
https://kr.indeed.com/viewjob?jk=job_d3d33eafc5f2c0ac,Data scientist 직무 경력직,LG전자3.8서울특별시,,"설계 / 검증 - 관련 직무 경력 5년 이상 ㆍ역량 요건 - 데이터마이닝 및 분석 기술/SQ,L, R, Python 등 활용 능력 보유 - AI / ML 이해 및 관련 라이브러리 활용, 알고리즘 개발 역량 보유 - Big..."
https://kr.indeed.com/viewjob?jk=job_51df90967b46e8f0,[외국계 스타트업 미소] Business Analyst,유한회사 미소서울,,통신·모바일·게임>빅데이터·AI(인공지능)>데이터분석|인터넷·IT·통신·모바일·게임>빅데이터·AI(인공지능)> Python|인터넷·IT·통신·모바일·게임>데이터베이스·DBA>MySQL|인터넷·IT·통신·모바일·게임>데이터베이스...
https://kr.indeed.com/viewjob?jk=job_733b814969bff5a7,Jr. Back-end Engineer (Python),Soomgo서울 강남구,,"이런 분을 찾아요 2년 이상의 Python을 활용한 백엔드 개발 업무를 수행한 경험이 있으신 분 Django, Django Rest Framework, Flask 등의 Python web framework를 사용하여..."
https://kr.indeed.com/viewjob?jk=job_ad07d6a330fb619a,NHN Cloud 운영 및 기술지원,NHN4.4성남 판교역,,"Linux, Microsoft Solutions 등) - 2년 이상의 개발 경험 (Java, Python 등) - 기술 문서 작성 및 가이드 경험이 풍부한 자 - 대외 고객 기술 지원 경험 - Windows..."
https://kr.indeed.com/viewjob?jk=job_b2a5e4aeccfd3f28,백엔드/DB 개발자,(주)인터마인즈 관심기업성남 삼평동,,"대학교(4년) 우대조건 python 코딩 능숙하신 분, 스타트업계 관심... 웨어공학 전공 - 컴퓨터공학 전공 - 전기·전자공학 전공 - 직접 : python 코딩 능숙하신 분 - 직접 : 스타트업계 관심 많고 기업 문화 만드..."
https://kr.indeed.com/viewjob?jk=job_5459853135ad5938,코박(Cobak) Back-end 개발 경력 정규직,판도라티비성남 분당구,,기적으로 소통하며 개발 구현)- Python / Django 언어 / 프레... 게임>웹프로그래머>백엔드|인터넷·IT·통신·모바일·게임>웹프로그래머> Python|인터넷·IT·통신·모바일·게임>웹프로그래머>JAVA|인터넷·IT·통신...
https://kr.indeed.com/viewjob?jk=job_4f6f11369cfd4cea,소프트웨어 개발 경력 채용,(주)매크로액트 관심기업성남 시흥동,"연봉 30,000,000원 - 40,000,000원","모두 스스로 도전과제를 찾고 이를 해결하는 과정을 통해 성장하며 발전하고 있습니다. 담당 업무 모집부문 Python, Java, Simulation 담당업무 - 3D 시뮬레이터 연구개발 - 로봇 프레임워크 연구개발 자격요건..."
https://kr.indeed.com/viewjob?jk=job_386d1b742ed936db,서비스 플랫폼 웹 개발자 모집,엔씨소프트2.7성남 판교역,,"기술 트랜드에 지속적인 관심을 가지며, 배움에 적극적인 분 우대사항 - Front-End 웹 개발 경험 - Python, Django Framework을 이용한 서비스 개발 경험 - Kafka, Redis 를 이용한 서비스..."
https://kr.indeed.com/viewjob?jk=job_1d07c293a0263317,NGS 유전체 빅데이터 사이언티스트 신입/경력 정규직,에이치앤비지노믹스울산 울주군,,"인공지능 기반 연구수행 능력 - Python, R 프로그래밍 언어 - 연구... 지능기타: - NGS 유전체 빅데이터, 인공지능 기반 연구수행 능력- Python, R 프로그래밍 언어- 연구과제 기획서, 보고서 및 관련 논문 작성..."
https://kr.indeed.com/viewjob?jk=job_bc5131eb1f2981cb,이공지능(AI) / 딥러닝 / Computer Vision 경력자 정규직,더블미코리아서울 서초구,,관련분야 석사 학위 이상 또는 개발 경험 2년 이상 • C++ / Python / OpenCV 개발 경험 [우대사항] • 딥러닝/컴퓨터버젼 관련... 통신·모바일·게임>응용프로그래머> Python|인터넷·IT·통신·모바일·게임...
https://kr.indeed.com/viewjob?jk=job_4adac8923476d038,프랭클린템플턴투신운용 Junior Trader (Quant base 필수),프랭클린템플턴투신대한민국,,"object-oriented programming and intermediate programming proficiency in Python, R or MATLAB, and SQL are essential. Licenses..."
https://kr.indeed.com/viewjob?jk=job_8dcd45f0d31410c7,QA Engineer,"Seoul Robotics USA, Inc.서울",,systems * Experience in scripting languages... Python and Shell script * Very good technical communication skills...
https://kr.indeed.com/viewjob?jk=job_441986789fe10287,[TmaxAI/R&D] WAPL Commerce Back-end 개발자 경력직,티맥스소프트성남 분당구,,"워크에 대한 실무적 지식 : Java/Spring, Javascript/Node.js framework, Python/Django 등 -웹 애플리케이션 개발에 관심이 있으신 분 -자기 주도적 설계, 개발 및 연구를 즐기는 분..."
https://kr.indeed.com/viewjob?jk=job_63fe23c48e8befdf,대기업 계열 자동차 전장회사 AI/DX 전문가 (연구위원),풀림서울 강서구,,통신·모바일·게임>빅데이터·AI(인공지능)>빅데이터|인터넷·IT·통신·모바일·게임>빅데이터·AI(인공지능)> Python|인터넷·IT·통신·모바일·게임>빅데이터·AI(인공지능)>머신러닝|인터넷·IT·통신·모바일·게임>빅데이터...
https://kr.indeed.com/viewjob?jk=job_109c5533ffdaaa84,[DB금융투자] 2021년 하반기 신입사원 모집,DB그룹서울 대치동,,"개선, 신규 서비스 기획 등 프로젝트 진행 전공 제한없음 ※ JAVA, Objective-C/Swift, Python 등 기술보유자 우대... 금융관련 자격증 보유자 우대 ※ 영어 능통자 우대 0명 서울 (여의도..."
https://kr.indeed.com/viewjob?jk=job_f0f09a16ab2a85c2,"[자동차 전장부품 우량대기업] Embedded 보안, 방화벽 경력인재",에스에프인촌서울,,모바일·게임>응용프로그래머>Linux|인터넷·IT·통신·모바일·게임>응용프로그래머>Android|인터넷·IT·통신·모바일·게임>응용프로그래머> Python|인터넷·IT·통신·모바일·게임>시스템프로그래머>임베디드(Embedded)
https://kr.indeed.com/viewjob?jk=job_042fdbd3871830e7,LINE Pay DevOps Engineer,라인비즈플러스성남 분당구,,"자격요건 Java, Golang, Python 등 1개 이상의 언어 사용이... Linux|인터넷·IT·통신·모바일·게임>빅데이터·AI(인공지능)> Python|인터넷·IT·통신·모바일·게임>ERP·시스템분석·설계>시스템엔지니어"
https://kr.indeed.com/viewjob?jk=job_88a59364cd7a0fa1,Support Engineer,Microsoft4.2서울,,"Java, Node, Python, PHP and Ruby, .NET... Linux, NGNIX, Apache, Java, Node, Python, PHP and Ruby • Experience with customer..."
https://kr.indeed.com/viewjob?jk=job_22fd5b99c266e7b9,Operations Associate - Remote - Crypto/Fintech,Kraken Digital Asset Exchange서울•원격 근무,,Strong numeracy skills * Good working knowledge of Excel * Python and SQL knowledge a nice to have * Experience working...
https://kr.indeed.com/viewjob?jk=job_c35e9b72a11aa338,[신입/경력] 의료영상/음성인식/생체신호 연구원,뷰노코리아서울 서초구,,게임>빅데이터·AI(인공지능)>인공지능(AI)|인터넷·IT·통신·모바일·게임>빅데이터·AI(인공지능)>딥러닝|인터넷·IT·통신·모바일·게임>응용프로그래머>C·C++|인터넷·IT·통신·모바일·게임>응용프로그래머> Python
https://kr.indeed.com/viewjob?jk=job_e8fe40f69a635b59,[대형증권사] 파생퀀트,인코리아 프로페셔널서울 강남구,,통신·모바일·게임>웹프로그래머>JAVA|인터넷·IT·통신·모바일·게임>웹프로그래머>프론트엔드|인터넷·IT·통신·모바일·게임>웹프로그래머> Python|인터넷·IT·통신·모바일·게임>웹프로그래머>HTML·DHTML·mHTML
https://kr.indeed.com/viewjob?jk=job_f8691758f74c5242,Support Engineer- Developer,Microsoft4.2서울,,"developing with Chatbot, Linux, Apache, Java, Node, Python, PHP, or Ruby - Knowledge and experiences of cloud services (Azure..."
https://kr.indeed.com/viewjob?jk=job_bfe0f5ac4f32ec89,추천 통계분석/데이터사이언티스트,카카오4.0성남 판교역,,"통계, 수학 관련 분야의 석사 또는 박사 학위 소지자 숙련된 데이터분석 능력 데이터 사이언스를 위한 언어( Python/R) 를 하나 이상 능숙하게 다룰 수 있으신 분 분석 결과를 설득력있게 전달할 수 있는 분 우대사항..."
https://kr.indeed.com/viewjob?jk=job_2b2dcd3ffe3d53df,카카오 데이터의 가치를 발굴할 데이터 분석가 모집,카카오4.0성남 판교역,,"기술 통계량 이해 및 해석) 데이터 분석 업무를 수행할 수 있는 언어 스킬 필수 SQL 필수 R 또는 Python을 다룰 수 있는 분 (SAS, SPSS, GA, tableau 등 통계 툴만 사용 가능한 경우 제외) 하둡..."
https://kr.indeed.com/viewjob?jk=job_b40c2fca5a96e5b8,[AI R&D] Language AI(NLP) Research 분야 모집,엔씨소프트2.7성남 판교역,,"분 - 통계/Machine Learning에 대한 이해와 활용 능력 및 text 처리 기술에 대한 경험 - Python, Java 등을 이용하여 NLP 기술을 구현 가능한 분 - 최신 기술(논문, 기술문서 등)을 습득하는..."
https://kr.indeed.com/viewjob?jk=job_f23c18cdd8281db9,[KSTEC] 통계/Analytics 신입 및 경력사원,지식시스템성남 분당구,,"지능화 (의사결정 자동화) 시스템 개발 (SPSS, SAS, R, Python, Java 기반)2. 기업용 데이터과학 & 인공지능 플랫폼 솔루션3... 게임>빅데이터·AI(인공지능)> Python|인터넷·IT·통신·모바일·게임..."
https://kr.indeed.com/viewjob?jk=job_6100350a5169a606,DB Engineer 모집,카카오4.0성남 판교역,,"분 원활한 커뮤니케이션이 가능하신 분 [우대사항] 대용량 DBMS 운영 경험이 있는 분 Golang, Python, Java등으로 API 기반 서비스 개발이 가능한 분 React, Vue.js 등 프론트개발 경험이 있으신..."
https://kr.indeed.com/viewjob?jk=job_ac9068957c550cb3,데이터 전문가(모델러/분석가/엔지니어) 모집,카카오4.0성남 판교역,,대용량 데이터를 효율적으로 사용하기 위한 기반 데이터 가공 지원자격 데이터 사이언스를 위한 언어(R/ Python/Scala) 및 도구(scikit-learn/Spark MLlib/Tensorflow/Pytorch 등)를...
https://kr.indeed.com/viewjob?jk=job_c8e74b3099799126,개발직군,한화테크윈성남 분당구,,모바일·게임>웹프로그래머> Python|인터넷·IT·통신·모바일·게임>응용프로그래머> Python|인터넷·IT·통신·모바일·게임>응용프로그래머>C·C++|인터넷·IT·통신·모바일·게임>빅데이터·AI(인공지능)> Python|인터넷...
https://kr.indeed.com/viewjob?jk=job_7e5393eb44244121,새싹 (SeSAC) 입문과정 Python 기초다지기,재단법인 서울산업진흥원서울 마포구,,웹프로그래머>프론트엔드|인터넷·IT·통신·모바일·게임>웹프로그래머> Python|인터넷·IT·통신·모바일·게임>웹프로그래머>JSP|인터넷·IT·통신... 게임>빅데이터·AI(인공지능)> Python|인터넷·IT·통신·모바일·게임...
https://kr.indeed.com/viewjob?jk=job_655a47f679e14eaf,[TmaxAI/R&D] NLP(자연어음성)부문 연구원 및 관련 서비스 프론트 & 백엔드 개발자 신입 및 경력,티맥스소프트성남 분당구,,"DB 개발 경험이 있으신 분 [음성, 자연어처리] 관련 분야의 연구 경험 / 기본 지식 보유자 기본적인 Python 프로그래밍이 가능하신 분 우대사항 [프론트] - UX 기획 및 개발 유경험자 - react 개발 유경험자..."
https://kr.indeed.com/viewjob?jk=job_6f4889537af98046,데이터 사이언티스트 및 엔지니어,NHN4.4성남 판교역,,"스트, 결과 해석 등) - 머신 러닝 및 데이터 분석 관련 언어(R, Python, SQL 등)의 능숙한 활용 - 통계, 머신 러닝 등 관련 분야... 관련 언어, 라이브러리(R, Python, SQL, tensorflow 등..."
https://kr.indeed.com/viewjob?jk=job_11edb836898edd00,[NAVER Cloud] Security Engineer 모의해킹,네이버클라우드성남 분당구,,0-day 취약점 발견 [지원자격/필요역량]- 모의해킹 경력 2년 이상- 리버싱 및 웹 해킹 기술 보유- Python 프로그래밍 능력 [우대사항]- 해킹 대회 입상 경험을 보유하신 분- CVE 등록 경험을 보유하신 분 인터넷...
https://kr.indeed.com/viewjob?jk=job_b7a101fa87b0411b,"딥러닝 솔루션 개발 (이미지, 자연어, 시계열 데이터)",엔셀성남 분당구,,모바일·게임>빅데이터·AI(인공지능)>인공지능(AI)|인터넷·IT·통신·모바일·게임>빅데이터·AI(인공지능)> Python|인터넷·IT·통신·모바일·게임>빅데이터·AI(인공지능)>머신러닝|인터넷·IT·통신·모바일·게임>빅데이터...
https://kr.indeed.com/viewjob?jk=job_1fd963b87d62d30a,한화시스템/방산 2021년 한화시스템 방산부문 신사업분야 경력사원,한화시스템성남 분당구,,시스템개발자|인터넷·IT·통신·모바일·게임>빅데이터·AI(인공지능)> Python|전자·기계·기술·화학·연구개발>연구원·연구개발>전기·전자|전자·기계... 그래머>C·C++|인터넷·IT·통신·모바일·게임>응용프로그래머> Python
https://kr.indeed.com/viewjob?jk=job_f54bac6c78fd3240,코딩에 빠진 수퍼 개발자 (펌웨어 개발),에바성남 수정구,,"학력무관직무기술: 펌웨어(Firmware), Embedded System S/W 개발(판교) c/c++, Python 3 명 근무조건 고용형태: 정규직근무부서: 개발팀급여조건: 연봉 협의 후 결정 전형단계 및 제출서류 전형단..."
https://kr.indeed.com/viewjob?jk=job_dbcbfb55a2d07c2b,[신규프로젝트] 차세대 콘솔 TA 모집,엔씨소프트2.7성남 판교역,,Shader 제작 Skill - 프로젝트 개발 전반에 걸친 성능 분석(Profiling)Skill - Python등 개발언어 활용 능력 제출서류 포트폴리오 (필수) 전형단계 서류전형 1차 면접 NCTEST 2차 면접 처우협의...
https://kr.indeed.com/viewjob?jk=job_4022f49bc50ef230,인프라보안 엔지니어,NHN4.4성남 판교역,,"보안 설계/적용/운영 경험 - 정보통신망법, 개인정보보호법, 전자금융감독규정 등 컴플라이언스의 이해 - Python, Script Language 활용 능력 공통지원자격 - 병역필 혹은 면제로 해외여행에 결격 사유가..."
https://kr.indeed.com/viewjob?jk=job_ebd9b7e972f551fc,서버 개발자 Python(Django) Developer (신입/경력),아테나스랩서울 마포구,,유관직무 경력자 서버 개발자 Python(Django) Developer... 있습니다.■ 자격 요건 인터넷·IT·통신·모바일·게임>웹프로그래머> Python|인터넷·IT·통신·모바일·게임>웹프로그래머>웹개발|인터넷·IT·통신...
https://kr.indeed.com/viewjob?jk=job_8070498013c9b353,시스템 엔지니어 영입,카카오페이증권성남 분당구,,니어|인터넷·IT·통신·모바일·게임>ERP·시스템분석·설계>AWS|인터넷·IT·통신·모바일·게임>웹프로그래머> Python|인터넷·IT·통신·모바일·게임>전산·IT기술지원>전산직|인터넷·IT·통신·모바일·게임>전산·IT기술지원...
https://kr.indeed.com/viewjob?jk=job_c9c00cea70ae8711,백엔드 플랫폼 개발 유지보수,아프리카TV경기도 성남,,"Phoenix DB 개발 유지 보수 [ 자격요건] - 경력 4년 이상이신 분 - PHP, Java, Python, Apache, Html5, MySQL Javascript, Linux 등 웹서비스 개발 지식과 경험이..."
https://kr.indeed.com/viewjob?jk=job_35f0a25dee5f3312,딥러닝 알고리즘 및 응용 Engineer,딥엑스성남 분당구,"연봉 40,000,000원 - 100,000,000원",모바일·게임>빅데이터·AI(인공지능)>인공지능(AI)|인터넷·IT·통신·모바일·게임>빅데이터·AI(인공지능)> Python|인터넷·IT·통신·모바일·게임>빅데이터·AI(인공지능)>머신러닝|인터넷·IT·통신·모바일·게임>빅데이터...
https://kr.indeed.com/viewjob?jk=job_6825074ac2d6f4ad,[INEEJI 인공지능연구소] AI 예측 전문기업 개발팀원,인이지성남 분당구,,INEEJI 인공지능연구소] 예측 서비스 AI엔지니어 모집(경력)- 인공지능기반 시계열 예측 서비스 개발( Python/TensorFlow등 기반)[근무부서 및 직급/직책]근무부서: 인공지능연구소직급/직책: 사원 [자격요건...
https://kr.indeed.com/viewjob?jk=job_abbb8df34c660e0a,"빅데이터, (AI)인공지능 외 신입/경력 인턴 (정규직전환)",스칼라웍스서울 금천구,,인공지능)>인공지능(AI)|인터넷·IT·통신·모바일·게임>빅데이터·AI(인공지능)>데이터분석|인터넷·IT·통신·모바일·게임>빅데이터·AI(인공지능)> Python|인터넷·IT·통신·모바일·게임>빅데이터·AI(인공지능)>딥러닝
https://kr.indeed.com/viewjob?jk=job_cda25353b723aa92,[TmaxAI/R&D] AI 로보어드바이저 개발자,티맥스그룹성남 분당구,,시계열 예측 모델 및 상품 추천 모델 개발<t 인터넷·IT·통신·모바일·게임>빅데이터·AI(인공지능)> Python|인터넷·IT·통신·모바일·게임>빅데이터·AI(인공지능)>인공지능(AI)|인터넷·IT·통신·모바일·게임>빅데이터...
https://kr.indeed.com/viewjob?jk=job_5ea9ea023c6ccc03,"S/W 엔지니어, 데이터분석 신입/경력 정규직, 인턴",가치랩스성남 분당구,,"케이션 제작 및 유지보수 업무- Python, Golang, QT 중 선택... 2. 시스템프로그래머- Python, Golang, QT 중 선택 가능3. 영상데이터 분석 및 모델링- python기반 영상데이터 분석 및 모델링..."
https://kr.indeed.com/viewjob?jk=job_dc3cf3a8897f1c3a,[KREAM] Server 개발자,크림성남 분당구,,유치[KREAM의 문화] 인터넷·IT·통신·모바일·게임>응용프로그래머> Python|인터넷·IT·통신·모바일·게임>빅데이터·AI(인공지능)> Python|인터넷·IT·통신·모바일·게임>통신·모바일>플랫폼(VM)|인터넷·IT·통신...
https://kr.indeed.com/viewjob?jk=job_3d746c1813ba7b6e,기계학습 전문가 모집,엔씨소프트2.7성남 판교역,,"기간 : 2년 ~ 10년 필수조건 - 딥러닝 또는 강화학습 관련 전문 지식 및 R&D 경험 필수 - R&D에 python을 능숙하게 활용 할 수 있어야 하며, pytorch, tensorflow 등 딥러닝 라이브러리를 업무에..."
https://kr.indeed.com/viewjob?jk=job_0850085ee33e11d9,2021년 제13차 직원(석사급 연구원-정규직),한국행정연구원서울 은평구,,인터넷·IT·통신·모바일·게임>응용프로그래머> Python|인터넷·IT·통신·모바일·게임>응용프로그래머>JAVA|마케팅·광고·홍보·조사>조사·분석·통계>시장조사·분석|마케팅·광고·홍보·조사>조사·분석·통계>사회조사분석
https://kr.indeed.com/viewjob?jk=job_c793a3ef3425f495,빅데이터 분석 기술인력 (정규직),한국정보기술단서울 강남구,,"담당업무]데이터 분석 분야 ( Python, R, SAS 기반의 DATA... BIG DATA 프로젝트 경험자, PL/PM 경력자 우대, R 또는 Python 활용가능한 경력자전공계열: 전산학, 컴퓨터공학, 수학, 응용소프트웨어..."
https://kr.indeed.com/viewjob?jk=job_0064deb5fa9cbce0,데이터 사이언티스트 모집,카카오4.0성남 판교역,,"양한 실험을 통해 알고리즘을 개선합니다. 지원자격 지원자격 하나 이상의 프로그래밍 언어에 익숙한 분( Python, Java, C/C++, Scala 등) 머신러닝/딥러닝 오픈소스를 이용하여 1년 이상 특정 서비스에 모델..."
https://kr.indeed.com/viewjob?jk=job_63aa7316b1a84843,네트워크 담당자 영입,카카오페이증권성남 분당구,,응용프로그래머>클라우드|인터넷·IT·통신·모바일·게임>네트워크·서버·보안>네트워크구축·운영·관리|인터넷·IT·통신·모바일·게임>네트워크·서버·보안>TCP·IP·IPX|인터넷·IT·통신·모바일·게임>웹프로그래머> Python
https://kr.indeed.com/viewjob?jk=job_d7e9da4d32399dfe,침해사고 분석/대응 및 보안장비 운영 담당자 모집,카카오4.0성남 판교역,,"최신 인프라에 대한 이해 (Docker, K8s, Hadoop, ElasticSearch, kafka 등) python 등을 이용한 업무 자동화 유경험자 EDR/백신 관리 유경험자 적극적이고 긍정적인 마인드 보유자 원활한..."
https://kr.indeed.com/viewjob?jk=job_aad13961b12efb3d,[2022 전문연구요원] Programming - 서비스 플랫폼 개발,엔씨소프트2.7성남 판교역,,"ECMAScript에 대한 이해도가 있으신 분 - C++, Java, Go, C#, .NET 프레임워크, Python 기반 프로그래밍을 능숙하게 할 수 있는 분 - iOS, Android 모바일 어플리케이션 프로그래밍을 할..."
https://kr.indeed.com/viewjob?jk=job_049e047740085644,분당 kt 전산 프로그램 개발/운영 인력,예지아이엔씨성남 분당구,,수 있습니다. 인터넷·IT·통신·모바일·게임>웹프로그래머>JAVA|인터넷·IT·통신·모바일·게임>웹프로그래머> Python|인터넷·IT·통신·모바일·게임>웹프로그래머>JSP|인터넷·IT·통신·모바일·게임>데이터베이스·DBA...
https://kr.indeed.com/viewjob?jk=job_e6f4d3abe5ad2496,[금호타이어] 2021년 11월 수시,금호타이어서울 종로구,,통신·모바일·게임>응용프로그래머> Python|인터넷·IT·통신·모바일·게임... 게임>웹프로그래머>웹개발|인터넷·IT·통신·모바일·게임>웹프로그래머> Python|재무·회계·경리>재무·자금·IR>자금|재무·회계·경리>재무·자금·IR...
https://kr.indeed.com/viewjob?jk=job_220aef5082c5ebee,[TmaxAI/R&D] AI 로보어드바이저 개발자,티맥스소프트성남 분당구,,"기졸업자 또는 22년 2월 졸업 예정자 -금융공학을 포함한 금융 관련 분야 전공자 혹은 유관 능력 보유자 - Python, numpy, pandas 사용 경험 우대사항 -컴퓨터 및 전산관련 전공 -금융권 경력 3년 이상이거나..."
https://kr.indeed.com/viewjob?jk=job_093cdd04809c8db0,[국비지원] 서울대학교 4차산업혁명 아카데미 빅데이터/핀테크 전문가 양성과정,서울대학교 AI연구원서울 관악구,,통신·모바일·게임>빅데이터·AI(인공지능)>데이터분석|인터넷·IT·통신·모바일·게임>빅데이터·AI(인공지능)> Python|인터넷·IT·통신·모바일·게임>빅데이터·AI(인공지능)>머신러닝|인터넷·IT·통신·모바일·게임>빅데이터...
https://kr.indeed.com/viewjob?jk=job_254b49e1cba468df,[무료교육/연계] 2021년 SK쉴더스 Rookie 6기 전문가과정 교육생,에스케이쉴더스경기도,,통신·모바일·게임>빅데이터·AI(인공지능)>데이터분석|인터넷·IT·통신·모바일·게임>빅데이터·AI(인공지능)> Python|인터넷·IT·통신·모바일·게임>빅데이터·AI(인공지능)>머신러닝|인터넷·IT·통신·모바일·게임>빅데이터...
https://kr.indeed.com/viewjob?jk=job_9adbc290202846e1,[아이브릭스] 기업부설연구소 전문연구요원,아이브릭스성남 분당구,,모바일·게임>응용프로그래머>JAVA|인터넷·IT·통신·모바일·게임>응용프로그래머>자바스크립트|인터넷·IT·통신·모바일·게임>빅데이터·AI(인공지능)>머신러닝|인터넷·IT·통신·모바일·게임>빅데이터·AI(인공지능)> Python
https://kr.indeed.com/viewjob?jk=job_e0e37aaebc73dde3,지표구축,아프리카TV경기도 성남,,"대시보드 플랫폼의 활용이 가능하신분 - 새로운 서비스 출시후 모니터링이나 트랜드 확인이 가능하도록 설계나 지원이 가능하신분 - SQL,Excel,R, Python 등을 이용하여 데이터 추출 또는 분석이 가능하신 분"
https://kr.indeed.com/viewjob?jk=job_ccefb3e36b43c89a,(주)마크로젠 2021년 하반기 각 부문 신입/경력 직원,마크로젠서울,,게임>웹프로그래머>XML|인터넷·IT·통신·모바일·게임>웹프로그래머> Python|인터넷·IT·통신·모바일·게임>HTML·퍼블리싱·UI개발>웹표준|인터... 게임>빅데이터·AI(인공지능)> Python|인터넷·IT·통신·모바일·게임...
https://kr.indeed.com/viewjob?jk=job_b500bd2a00c3c8ac,"정보보호 엔지니어(보안개발, 서버보안) 모집",카카오4.0성남 판교역,,"자동화 경험이 있으신 분이 유리합니다. 지원자격 (필수) 서버 개발경험이 있으신 분 [mongdb, python, docker, bash script] Linux 플랫폼에 대한 이해가 있으신 분 내부통제 관점의 기업보안..."
https://kr.indeed.com/viewjob?jk=job_8c32b5db8ab28c7d,"[광고 추천] 데이터 과학자, 기계학습(머신러닝) 전문가 모집",카카오4.0성남 판교역,,"학습(머신러닝), 딥러닝에 관한 지식과 경험이 풍부한 분 하나 이상의 프로그래밍 언어에 능통한 분 (예, Python, R, Java, Scala, C/C++, Golang 등) 단, 주니어는 기계학습 기초 지식과 개발 역량..."
https://kr.indeed.com/viewjob?jk=job_5e9276e6840d0dfc,(주)마크로젠 2021 IT&BT 부문 신입/경력 정규직,마크로젠서울 금천구,,통신·모바일·게임>웹프로그래머> Python|인터넷·IT·통신·모바일·게임... 응용프로그래머>VoIP|인터넷·IT·통신·모바일·게임>응용프로그래머> Python|인터넷·IT·통신·모바일·게임>응용프로그래머>아이트래킹 프로그래머...
https://kr.indeed.com/viewjob?jk=job_0a87149cd496eeef,"드론솔루션 (아두이노, 드론제작, 3D, 드론쇼핑몰)",탱고드론성남 분당구,"연봉 25,000,000원 - 30,000,000원","학력사항: 학력무관직무기술: 드론솔루션, 아두이노 등 임베디드SW, Python, 택배드론, 국방드론 무기체계, 드론HW제작, 원격수질측정드론, 화재... 통신·모바일·게임>응용프로그래머> Python|인터넷·IT·통신·모바일·게임..."
https://kr.indeed.com/viewjob?jk=job_ef62b0e22d2dd6a2,[kt ds]2021년 각 부문별 경력사원 수시,케이티디에스서울 서초구,,"W), C/C++,.NET Core, DB(Oracle, MySQL, PostgreSQL, PL/SQL), Python 등 인터넷·IT·통신·모바일·게임>전산·IT기술지원>S/W 엔지니어|인터넷·IT·통신·모바일·게임>ERP..."
https://kr.indeed.com/viewjob?jk=job_192c20f6f0f64ab3,[2022 전문연구요원] AI R&D - Language AI,엔씨소프트2.7성남 판교역,,"기술을 서비스에 적용하기 위한 MLOps 플랫폼을 개발합니다. 지원자격 학력 : 석사 이상 필수조건 - Python, Java등 한 가지 이상의 컴퓨터 프로그래밍 언어를 활용할 수 있으신 분 - 머신러닝/딥러닝 기술에 대한..."
https://kr.indeed.com/viewjob?jk=job_4462a7887ee7f2bf,[KSTEC] SW 프로그래머 경력사원,지식시스템성남 분당구,,통신·모바일·게임>응용프로그래머>.NET|인터넷·IT·통신·모바일·게임>웹프로그래머>JAVA|인터넷·IT·통신·모바일·게임>웹프로그래머> Python|인터넷·IT·통신·모바일·게임>웹프로그래머>HTML·DHTML·mHTML
https://kr.indeed.com/viewjob?jk=job_d8a8869ab092f731,데이터 엔지니어 및 사이언티스트,카카오4.0성남 판교역,,"등 데이터 엔지니어와 사이언티스트의 업무를 경계 없이 수행하게 됩니다. 지원자격 개발 경력 3년 이상 Python, Scala, Java, C++ 중 하나 이상의 언어에 능통 SQL 또는 HiveQL에 능통 대용량 데이..."
https://kr.indeed.com/viewjob?jk=job_44a78c0c83de015a,"소프트웨어, 컴퓨터비전 매니저 신입/경력 정규직",인터마인즈성남 분당구,,"ㆍ Python 언어 숙련자 ㆍPytorch, Tensorflow 등의 딥러... ㆍ이슈 대응 및 관리 [자격요건]ㆍ 학력사항: 대학교(4년)졸업 이상ㆍ Python 언어 숙련자ㆍPytorch, Tensorflow 등의 딥러닝 이브러..."
https://kr.indeed.com/viewjob?jk=job_2b9e604e63e7e46d,[카카오커머스] 기술직군,카카오커머스성남 분당구,,"우대사항 - 전자금융 감독규정, PCIDSS에 대한 실무 경험이나 이해도가 높으신 분 - JAVA, Python, shell script 등 개발 역량을 갖추신 분 - 웹/앱 취약점 진단 및 모의해킹 역량을 갖추신..."
